date,open,high,low,close,volume
2018-01-01,103.81,104.27,103.15,103.85,1825
2018-01-02,102.56,102.86,101.97,102.79,2004
2018-01-03,108.03,108.34,106.96,107.97,4460
2018-01-04,120.66,121.3,121.14,121.16,1376
2018-01-05,119.04,120.02,118.88,119.06,1972
2018-01-08,117.0,118.11,115.96,117.0,5213
2018-01-09,132.07,131.95,131.25,131.86,4076
2018-01-10,140.03,141.1,138.97,139.76,1443
2018-01-11,134.78,135.62,134.02,134.91,1754
2018-01-12,140.55,141.01,139.64,140.59,4604
2018-01-15,135.57,135.88,134.51,135.78,5735
2018-01-16,130.81,131.76,129.8,131.11,3171
2018-01-17,133.64,134.62,132.59,133.55,3705
2018-01-18,115.3,116.41,115.26,115.59,4465
2018-01-19,101.4,101.53,100.59,101.48,3711
2018-01-22,97.08,97.35,97.23,97.28,3407
2018-01-23,90.23,90.49,89.92,90.13,1622
2018-01-24,92.64,92.58,91.48,92.31,2723
2018-01-25,85.98,86.4,85.98,86.2,4322
2018-01-26,77.2,77.71,77.32,77.49,2919
2018-01-29,86.57,87.28,86.47,86.59,1918
2018-01-30,85.14,85.93,84.41,85.14,5215
2018-01-31,85.63,85.94,85.16,85.59,1581
2018-02-01,76.8,77.56,76.35,76.87,4881
2018-02-02,73.75,74.02,73.61,73.78,2686
2018-02-05,74.47,74.77,73.85,74.42,4909
2018-02-06,68.37,68.39,67.71,68.23,2999
2018-02-07,69.94,70.66,69.99,70.21,3711
2018-02-08,67.06,67.76,66.83,67.11,1400
2018-02-09,65.69,66.05,65.52,65.66,4648
2018-02-12,62.63,62.97,62.14,62.75,3628
2018-02-13,72.45,72.66,71.73,72.2,2656
2018-02-14,72.04,72.22,71.46,72.14,1620
2018-02-15,66.6,67.2,66.4,66.61,1246
2018-02-16,70.97,71.25,70.34,70.89,4339
2018-02-19,64.58,64.95,64.16,64.66,4010
2018-02-20,65.46,66.08,65.24,65.7,5719
2018-02-21,56.62,57.02,56.12,56.66,3368
2018-02-22,51.37,51.3,51.06,51.26,4994
2018-02-23,52.0,52.4,51.97,52.04,2839
2018-02-26,54.95,55.17,54.67,55.04,3903
2018-02-27,55.87,56.17,55.36,55.77,5395
2018-02-28,55.26,55.75,54.97,55.29,5498
2018-03-01,54.0,54.49,53.95,54.06,4691
2018-03-02,48.37,48.62,48.11,48.35,4841
2018-03-05,45.87,46.04,45.66,45.8,5348
2018-03-06,44.45,44.31,44.05,44.24,2392
2018-03-07,48.01,48.3,47.62,47.93,4750
2018-03-08,49.32,49.34,48.84,49.2,5255
2018-03-09,43.03,43.29,42.97,43.07,4008
2018-03-12,44.06,44.27,43.97,44.15,5300
2018-03-13,42.9,42.95,42.78,42.89,4338
2018-03-14,40.77,41.02,40.68,40.76,4514
2018-03-15,42.6,42.72,42.36,42.7,5953
2018-03-16,46.15,46.51,45.75,46.17,1759
2018-03-19,49.58,49.7,49.36,49.54,3768
2018-03-20,46.54,46.51,46.16,46.51,4088
2018-03-21,45.49,45.67,45.03,45.44,3115
2018-03-22,46.63,46.63,46.21,46.6,5228
2018-03-23,50.13,50.32,50.09,50.18,2723
2018-03-26,48.36,48.75,47.94,48.41,3966
2018-03-27,47.63,47.77,47.56,47.74,1429
2018-03-28,44.08,44.29,43.77,43.92,3355
2018-03-29,40.13,40.13,40.1,40.13,3459
2018-03-30,42.66,42.79,42.47,42.68,5192
2018-04-02,47.21,47.65,47.25,47.3,2718
2018-04-03,47.33,47.2,46.93,47.05,2265
2018-04-04,50.66,50.82,50.61,50.77,2308
2018-04-05,52.14,52.37,51.76,52.19,2050
2018-04-06,49.75,49.85,49.28,49.71,4473
2018-04-09,51.16,51.53,50.94,51.1,3249
2018-04-10,57.52,57.59,56.92,57.41,3809
2018-04-11,57.47,57.72,56.77,57.27,3921
2018-04-12,64.53,65.04,63.98,64.47,5676
2018-04-13,52.78,53.13,52.82,52.9,5041
2018-04-16,56.27,56.81,55.91,56.3,3417
2018-04-17,56.72,56.9,56.15,56.68,1532
2018-04-18,55.65,55.96,55.05,55.43,1898
2018-04-19,55.67,55.87,55.64,55.82,3654
2018-04-20,48.16,48.37,47.8,48.04,2469
2018-04-23,47.28,47.5,46.96,47.26,3920
2018-04-24,48.65,48.75,48.32,48.57,2252
2018-04-25,54.31,54.66,54.25,54.32,1769
2018-04-26,52.15,52.61,52.08,52.24,1833
2018-04-27,49.23,49.15,48.76,49.15,3209
2018-04-30,47.39,47.41,46.93,47.33,5649
2018-05-01,50.83,51.1,50.66,50.73,4424
2018-05-02,52.02,52.37,51.53,52.02,2091
2018-05-03,49.93,50.47,49.82,49.99,2196
2018-05-04,51.81,52.37,51.63,51.98,4914
2018-05-07,52.46,52.87,51.98,52.37,2660
2018-05-08,56.41,56.76,55.9,56.36,5654
2018-05-09,53.35,53.62,52.95,53.46,1260
2018-05-10,52.1,52.21,52.0,52.16,3264
2018-05-11,50.6,51.04,50.21,50.65,5900
2018-05-14,45.22,45.64,45.29,45.35,2185
2018-05-15,46.31,46.41,46.06,46.39,3449
2018-05-16,47.21,47.49,46.97,47.32,4533
2018-05-17,47.31,47.8,47.03,47.35,5370
2018-05-18,46.46,46.76,46.41,46.53,5301
2018-05-21,41.68,41.99,41.45,41.81,4344
2018-05-22,40.68,40.7,40.44,40.51,1866
2018-05-23,39.58,39.57,39.46,39.48,1092
2018-05-24,37.11,37.31,36.9,37.17,4178
2018-05-25,36.75,36.86,36.55,36.73,2351
2018-05-28,37.9,37.89,37.55,37.87,1364
2018-05-29,43.79,44.02,43.52,43.68,5916
2018-05-30,44.2,44.46,44.2,44.27,4718
2018-05-31,45.25,45.52,44.77,45.15,2924
2018-06-01,44.86,45.29,44.66,44.91,4095
2018-06-04,38.75,38.93,38.78,38.85,3538
2018-06-05,38.84,39.04,38.5,38.78,2296
2018-06-06,39.07,39.15,38.77,38.97,3276
2018-06-07,47.19,47.36,46.67,46.95,1002
2018-06-08,46.17,46.38,46.07,46.28,4492
2018-06-11,47.43,47.68,46.97,47.36,2753
2018-06-12,47.21,47.53,46.85,47.24,1910
2018-06-13,43.33,43.39,42.95,43.26,1306
2018-06-14,47.03,47.24,47.12,47.17,5231
2018-06-15,49.81,50.27,49.52,49.94,5015
2018-06-18,52.95,53.42,52.67,53.03,2438
2018-06-19,49.52,49.67,49.17,49.51,1872
2018-06-20,54.99,55.42,54.87,55.07,2141
2018-06-21,49.6,49.73,49.1,49.54,1665
2018-06-22,51.9,52.16,51.42,51.8,1208
2018-06-25,61.21,61.26,61.07,61.14,1951
2018-06-26,56.92,57.24,56.5,56.74,2057
2018-06-27,54.41,54.53,53.89,54.37,5744
2018-06-28,54.66,54.99,54.77,54.79,5722
2018-06-29,52.9,52.79,52.25,52.76,5620
2018-07-02,46.87,46.98,46.61,46.93,5008
2018-07-03,47.27,47.43,46.88,47.18,2868
2018-07-04,43.69,43.67,43.43,43.55,5864
2018-07-05,45.19,45.52,45.03,45.15,1771
2018-07-06,42.0,42.13,41.73,42.12,5835
2018-07-09,47.28,47.55,47.23,47.37,5030
2018-07-10,44.77,44.81,44.31,44.66,1521
2018-07-11,43.58,43.6,43.42,43.59,4355
2018-07-12,46.37,46.42,46.3,46.36,2400
2018-07-13,42.32,42.43,42.25,42.25,4738
2018-07-16,43.05,43.21,42.76,42.99,5343
2018-07-17,47.5,47.66,47.01,47.47,4723
2018-07-18,42.03,42.27,41.89,42.05,4247
2018-07-19,42.62,42.9,42.49,42.65,2858
2018-07-20,43.57,43.5,43.35,43.5,5781
2018-07-23,46.21,46.37,45.92,46.16,5064
2018-07-24,42.02,42.45,41.86,42.05,5681
2018-07-25,38.14,38.26,37.72,38.06,3398
2018-07-26,39.59,39.87,39.4,39.6,1142
2018-07-27,40.44,40.63,40.3,40.51,3851
2018-07-30,41.23,41.61,41.23,41.29,4469
2018-07-31,42.31,42.72,41.98,42.39,4695
2018-08-01,40.25,40.49,40.18,40.28,1717
2018-08-02,41.1,41.4,40.97,41.0,1642
2018-08-03,41.86,41.98,41.65,41.92,4440
2018-08-06,39.74,39.73,39.49,39.73,3548
2018-08-07,45.69,46.11,45.56,45.75,4693
2018-08-08,47.41,47.82,47.23,47.43,1369
2018-08-09,43.23,43.41,43.02,43.36,4650
2018-08-10,45.55,45.69,45.48,45.57,1786
2018-08-13,42.33,42.35,42.0,42.34,1949
2018-08-14,45.0,45.08,44.66,44.95,1521
2018-08-15,49.09,49.45,48.87,49.07,3943
2018-08-16,46.02,46.37,45.92,46.13,1354
2018-08-17,49.73,49.8,49.5,49.62,3335
2018-08-20,51.23,51.4,50.82,51.21,2482
2018-08-21,54.52,54.5,54.22,54.5,2647
2018-08-22,62.91,63.1,62.71,62.92,4045
2018-08-23,61.71,62.17,61.4,61.77,5631
2018-08-24,58.39,58.93,57.78,58.36,3215
2018-08-27,54.63,55.04,54.34,54.58,5716
2018-08-28,51.14,51.34,50.85,51.32,1427
2018-08-29,50.98,51.49,50.86,51.04,3537
2018-08-30,52.35,52.79,52.35,52.38,1544
2018-08-31,53.52,53.91,53.39,53.5,3764
2018-09-03,57.1,57.22,56.72,56.96,5919
2018-09-04,56.94,57.25,56.9,57.03,4765
2018-09-05,63.6,63.86,63.66,63.66,1658
2018-09-06,62.35,62.46,61.84,62.41,3827
2018-09-07,76.56,76.85,76.03,76.68,3058
2018-09-10,80.35,80.61,79.81,80.41,4327
2018-09-11,75.49,75.74,75.25,75.38,1730
2018-09-12,69.38,70.05,69.45,69.53,2832
2018-09-13,72.19,72.47,72.08,72.13,1408
2018-09-14,70.69,70.97,70.42,70.93,5179
2018-09-17,74.8,75.6,74.19,74.88,4247
2018-09-18,77.57,78.36,77.29,77.62,5802
2018-09-19,77.47,77.82,77.12,77.21,1133
2018-09-20,72.4,73.16,72.07,72.44,5883
2018-09-21,64.33,64.97,64.39,64.61,5959
2018-09-24,62.23,63.08,62.25,62.48,1666
2018-09-25,66.68,66.73,66.26,66.67,1276
2018-09-26,67.86,68.02,67.29,67.78,4307
2018-09-27,61.74,61.84,61.63,61.7,1881
2018-09-28,62.54,62.64,62.5,62.52,3060
2018-10-01,64.53,64.47,63.74,64.38,3082
2018-10-02,60.17,60.61,60.09,60.23,2237
2018-10-03,61.06,61.43,60.92,60.95,3452
2018-10-04,61.03,61.59,61.11,61.23,1158
2018-10-05,56.07,56.26,56.15,56.17,3596
2018-10-08,57.52,58.19,57.5,57.73,4815
2018-10-09,60.2,60.62,59.75,60.24,5374
2018-10-10,65.38,65.64,65.17,65.39,3526
2018-10-11,70.84,71.3,70.51,70.83,1110
2018-10-12,63.84,64.0,63.4,63.83,1541
2018-10-15,59.37,59.68,59.17,59.48,2138
2018-10-16,61.83,62.42,61.32,61.85,4283
2018-10-17,64.12,64.5,63.76,64.31,4610
2018-10-18,67.06,67.19,66.87,66.88,5455
2018-10-19,89.45,90.3,88.81,89.51,4557
2018-10-22,93.38,94.13,93.04,93.47,3419
2018-10-23,102.19,101.93,100.86,101.87,2756
2018-10-24,109.24,109.67,108.98,109.51,4086
2018-10-25,114.8,115.07,113.93,115.06,3306
2018-10-26,112.13,113.08,111.53,112.37,1975
2018-10-29,119.02,119.57,118.74,119.03,1722
2018-10-30,112.4,112.45,111.7,112.3,3570
2018-10-31,110.49,111.39,109.24,110.33,1324
2018-11-01,106.92,106.94,105.46,106.38,2529
2018-11-02,106.58,107.32,106.95,107.06,2945
2018-11-05,127.71,128.19,126.65,127.55,5486
2018-11-06,110.66,111.54,110.4,110.78,3430
2018-11-07,116.57,116.8,116.7,116.71,5111
2018-11-08,103.2,103.62,102.92,103.33,4510
2018-11-09,99.55,100.54,99.5,99.73,1845
2018-11-12,108.67,108.81,107.42,108.31,5964
2018-11-13,109.04,109.45,108.49,108.86,1567
2018-11-14,100.37,100.8,99.53,100.36,4688
2018-11-15,95.35,95.14,95.1,95.1,3179
2018-11-16,99.83,100.3,99.82,100.13,3019
2018-11-19,94.52,95.19,94.54,94.77,4319
2018-11-20,95.93,96.55,96.13,96.35,3320
2018-11-21,96.57,96.75,96.64,96.71,2646
2018-11-22,92.11,92.85,91.9,92.08,5003
2018-11-23,108.32,109.36,107.69,108.3,4909
2018-11-26,113.67,114.54,113.3,113.63,4420
2018-11-27,97.25,98.36,97.12,97.52,3531
2018-11-28,99.09,99.17,98.56,98.93,1356
2018-11-29,94.16,95.02,93.3,94.12,4081
2018-11-30,100.55,100.6,99.5,100.4,3280
2018-12-03,94.23,95.48,94.12,94.58,5131
2018-12-04,93.84,94.72,93.48,93.79,3460
2018-12-05,97.22,98.15,97.35,97.46,3787
2018-12-06,103.98,105.09,103.07,104.07,5209
2018-12-07,95.16,95.6,95.0,95.06,2197
2018-12-10,92.72,92.94,92.43,92.7,2278
2018-12-11,89.3,89.84,89.19,89.45,1465
2018-12-12,85.16,85.66,84.89,85.16,5000
2018-12-13,97.04,97.41,97.18,97.34,4348
2018-12-14,100.61,101.01,99.6,100.38,2487
2018-12-17,91.24,92.17,91.16,91.27,5942
2018-12-18,98.07,98.04,97.23,97.85,5597
2018-12-19,114.78,115.81,114.76,114.9,5536
2018-12-20,124.12,125.38,124.16,124.25,1325
2018-12-21,110.62,111.84,109.79,110.79,2765
2018-12-24,107.02,107.86,106.63,106.83,5162
2018-12-25,117.43,118.21,116.63,117.59,1303
2018-12-26,111.63,112.58,110.88,111.49,5579
2018-12-27,115.23,116.19,115.23,115.32,2440
2018-12-28,121.81,122.49,121.13,122.29,1148
2018-12-31,113.91,114.58,113.76,114.04,4034
2019-01-01,113.28,114.37,112.58,113.55,3631
2019-01-02,88.9,89.11,88.74,88.89,1095
2019-01-03,82.09,82.81,81.58,82.29,4455
2019-01-04,80.9,81.28,80.74,80.75,5377
2019-01-07,73.48,73.61,73.12,73.49,3369
2019-01-08,83.13,83.63,82.52,83.16,4467
2019-01-09,74.75,75.23,73.96,74.65,1528
2019-01-10,72.37,72.59,71.57,72.23,3310
2019-01-11,72.96,72.97,72.36,72.96,5675
2019-01-14,81.25,81.38,80.65,81.37,2663
2019-01-15,72.76,73.28,72.87,73.02,4364
2019-01-16,79.63,80.48,79.52,79.74,3341
2019-01-17,79.72,80.0,79.59,79.82,5905
2019-01-18,74.14,74.6,73.85,74.13,1692
2019-01-21,76.73,76.95,76.48,76.78,5330
2019-01-22,78.06,78.21,77.53,77.96,1951
2019-01-23,74.42,75.15,74.4,74.51,2360
2019-01-24,74.91,75.47,74.41,74.92,1538
2019-01-25,72.96,72.86,72.67,72.79,1819
2019-01-28,73.48,73.74,73.2,73.43,4162
2019-01-29,77.2,77.24,76.82,77.21,4925
2019-01-30,86.96,87.48,86.37,87.07,1271
2019-01-31,79.2,79.83,78.72,79.3,2028
2019-02-01,93.04,93.31,92.6,93.2,4665
2019-02-04,80.34,80.66,80.3,80.43,2242
2019-02-05,79.65,79.84,79.09,79.53,2141
2019-02-06,83.12,83.92,83.09,83.16,1592
2019-02-07,84.73,85.81,84.64,84.96,2605
2019-02-08,81.36,81.11,80.74,81.07,5210
2019-02-11,79.87,80.43,79.79,79.82,4377
2019-02-12,76.7,77.2,76.71,76.92,5071
2019-02-13,73.51,73.87,72.88,73.58,5302
2019-02-14,78.49,79.07,77.73,78.48,4694
2019-02-15,80.91,81.38,80.35,80.64,3350
2019-02-18,76.37,77.27,76.51,76.54,5207
2019-02-19,82.1,82.41,81.79,81.94,2440
2019-02-20,84.12,84.18,83.55,83.88,4626
2019-02-21,89.1,89.92,88.37,89.22,2882
2019-02-22,93.53,93.82,93.45,93.58,4711
2019-02-25,87.74,88.41,87.25,87.92,1184
2019-02-26,84.25,84.59,84.2,84.29,5996
2019-02-27,89.2,89.79,88.33,89.21,1220
2019-02-28,93.56,93.66,93.08,93.44,4188
2019-03-01,93.51,93.49,92.58,93.31,2093
2019-03-04,94.02,95.02,93.83,94.16,3945
2019-03-05,103.32,103.83,103.07,103.72,3474
2019-03-06,99.2,99.71,99.02,99.21,3615
2019-03-07,103.48,103.65,103.27,103.42,3012
2019-03-08,101.92,101.91,100.91,101.87,3490
2019-03-11,100.16,100.26,99.31,100.23,1600
2019-03-12,108.96,109.12,107.96,108.93,2160
2019-03-13,116.32,116.97,115.24,115.96,5599
2019-03-14,123.44,123.69,122.35,123.34,5313
2019-03-15,136.06,137.46,136.07,136.16,3735
2019-03-18,136.27,137.2,135.95,136.41,3218
2019-03-19,143.6,144.28,143.2,143.65,5707
2019-03-20,140.81,141.16,139.46,140.35,2152
2019-03-21,143.81,144.6,143.35,143.86,1056
2019-03-22,142.48,143.56,142.27,142.48,2204
2019-03-25,143.42,143.96,142.7,143.56,5341
2019-03-26,150.52,150.72,148.97,150.19,1143
2019-03-27,141.77,142.48,140.67,141.21,1367
2019-03-28,165.59,167.01,165.23,165.45,2482
2019-03-29,153.39,154.73,153.06,153.36,1615
2019-04-01,139.95,140.53,139.61,139.94,4638
2019-04-02,152.04,153.96,152.31,152.77,4328
2019-04-03,162.47,163.0,161.18,162.23,4227
2019-04-04,170.14,170.94,169.07,170.1,2588
2019-04-05,178.56,178.77,177.16,178.41,3489
2019-04-08,178.02,179.33,177.63,178.28,4003
2019-04-09,166.49,166.93,165.25,166.62,1698
2019-04-10,167.47,168.17,167.27,167.61,5971
2019-04-11,159.6,160.64,158.53,159.28,3823
2019-04-12,171.37,171.85,170.12,171.5,1944
2019-04-15,170.34,169.75,169.33,169.63,4881
2019-04-16,159.54,159.51,159.23,159.4,1922
2019-04-17,155.21,157.07,154.23,155.61,2746
2019-04-18,160.53,161.39,160.02,160.57,5120
2019-04-19,153.71,154.54,152.85,153.91,3853
2019-04-22,144.03,145.83,144.62,144.66,2559
2019-04-23,147.85,148.61,146.36,147.38,2083
2019-04-24,150.37,150.66,149.69,150.16,4538
2019-04-25,144.7,145.55,144.47,144.55,1433
2019-04-26,139.56,140.59,138.67,139.52,3926
2019-04-29,141.62,142.94,141.67,142.01,2089
2019-04-30,127.19,127.51,126.82,127.31,3957
2019-05-01,114.68,115.49,114.4,114.49,3612
2019-05-02,108.23,109.04,108.3,108.46,5191
2019-05-03,106.2,107.04,106.42,106.74,4759
2019-05-06,109.25,109.77,109.2,109.3,5263
2019-05-07,122.19,122.27,121.11,122.22,3089
2019-05-08,130.47,130.6,130.43,130.44,2902
2019-05-09,129.08,129.88,128.27,128.89,3567
2019-05-10,128.9,128.73,128.57,128.73,2998
2019-05-13,119.42,119.86,118.99,119.36,4114
2019-05-14,119.5,119.84,118.11,119.22,3994
2019-05-15,116.31,116.73,116.48,116.67,3010
2019-05-16,119.69,120.74,118.42,119.57,5844
2019-05-17,112.49,112.6,112.12,112.35,2891
2019-05-20,116.58,117.22,116.0,116.87,1830
2019-05-21,130.86,131.65,130.53,131.25,1048
2019-05-22,130.01,130.5,129.05,130.2,5210
2019-05-23,134.07,134.25,133.5,134.24,2178
2019-05-24,141.67,142.49,140.71,141.46,4033
2019-05-27,137.09,138.59,136.99,137.26,1070
2019-05-28,139.4,139.95,139.4,139.64,1066
2019-05-29,139.62,140.72,138.51,139.8,2777
2019-05-30,141.18,141.9,140.4,140.86,3228
2019-05-31,132.89,134.02,132.4,132.89,2789
2019-06-03,133.12,133.73,132.15,133.16,1612
2019-06-04,138.27,138.72,137.83,138.3,2886
2019-06-05,154.76,154.87,152.9,154.36,2622
2019-06-06,165.76,167.19,164.78,166.01,1696
2019-06-07,195.9,196.99,194.22,195.39,2237
2019-06-10,184.49,184.75,182.79,184.41,3406
2019-06-11,196.96,197.76,196.93,197.02,1248
2019-06-12,200.81,201.62,199.3,199.81,1637
2019-06-13,235.33,237.73,234.73,235.83,1949
2019-06-14,221.74,224.08,221.39,221.9,2904
2019-06-17,207.78,209.86,206.74,208.29,4587
2019-06-18,199.48,199.89,197.27,199.1,2111
2019-06-19,170.18,170.61,168.89,169.6,1175
2019-06-20,163.57,164.11,162.47,163.03,1722
2019-06-21,154.34,154.09,152.49,153.97,4842
2019-06-24,155.7,156.61,155.07,155.76,4674
2019-06-25,159.75,161.0,159.08,159.87,5866
2019-06-26,183.65,184.57,183.61,184.26,2947
2019-06-27,198.83,199.57,196.23,198.03,1702
2019-06-28,189.79,190.72,188.54,189.61,3128
2019-07-01,177.03,178.89,175.85,177.2,1926
2019-07-02,184.44,184.03,182.46,183.95,5233
2019-07-03,166.19,166.95,165.94,166.51,4504
2019-07-04,191.43,192.42,190.44,191.27,3517
2019-07-05,209.08,209.77,207.38,209.15,3397
2019-07-08,202.16,203.35,201.17,201.9,2149
2019-07-09,177.39,178.76,176.01,177.41,4380
2019-07-10,196.0,196.77,194.72,196.57,2878
2019-07-11,194.95,195.92,193.7,194.92,2253
2019-07-12,214.53,215.17,212.49,214.08,2483
2019-07-15,189.8,190.51,188.28,189.81,1309
2019-07-16,181.72,183.13,179.9,181.44,4952
2019-07-17,181.16,183.05,180.83,181.54,4049
2019-07-18,182.22,183.5,182.13,182.23,2564
2019-07-19,175.95,177.42,175.46,176.17,2500
2019-07-22,184.97,185.55,183.45,184.69,5865
2019-07-23,170.42,171.98,169.64,170.41,1015
2019-07-24,168.85,169.79,167.35,168.62,1605
2019-07-25,170.56,171.43,169.58,170.19,2381
2019-07-26,177.22,178.5,175.85,176.98,5908
2019-07-29,186.9,187.31,186.45,186.79,4383
2019-07-30,171.26,172.99,170.32,171.6,1894
2019-07-31,152.84,153.14,152.01,152.84,2567
2019-08-01,168.2,168.96,168.03,168.38,1413
2019-08-02,172.57,173.27,172.19,172.69,5120
2019-08-05,163.1,164.82,162.0,163.23,3004
2019-08-06,183.21,185.14,182.68,183.57,1315
2019-08-07,184.49,186.52,184.82,185.22,5666
2019-08-08,202.26,204.0,200.57,202.53,5820
2019-08-09,203.68,204.75,202.15,203.6,4055
2019-08-12,237.33,240.23,235.7,237.97,2849
2019-08-13,271.8,273.14,270.63,271.79,2953
2019-08-14,267.79,267.8,265.51,266.78,1388
2019-08-15,287.76,287.64,284.59,287.17,3769
2019-08-16,302.58,303.96,300.0,301.58,5539
2019-08-19,334.79,336.98,332.16,334.52,4046
2019-08-20,311.78,312.25,310.27,311.05,3415
2019-08-21,327.2,327.76,326.21,327.68,3389
2019-08-22,354.58,358.02,354.6,355.04,1303
2019-08-23,309.2,310.94,310.26,310.9,1763
2019-08-26,285.03,286.36,284.36,284.36,2973
2019-08-27,244.54,246.15,243.69,243.78,1815
2019-08-28,238.65,239.96,236.58,238.92,1877
2019-08-29,252.16,252.88,251.67,252.28,5798
2019-08-30,282.26,284.67,280.81,282.68,3326
2019-09-02,284.54,286.65,281.94,284.33,3429
2019-09-03,322.36,323.4,319.87,321.64,3060
2019-09-04,288.82,292.64,289.39,289.83,5398
2019-09-05,255.07,255.0,253.01,254.87,2579
2019-09-06,253.71,255.13,252.32,253.85,5255
2019-09-09,261.44,263.26,259.47,261.38,3201
2019-09-10,261.02,263.03,258.78,260.78,4597
2019-09-11,223.01,223.5,220.92,223.1,2203
2019-09-12,221.6,223.42,220.37,221.64,3424
2019-09-13,200.78,201.98,200.18,200.87,4875
2019-09-16,211.75,212.18,209.97,211.34,3823
2019-09-17,217.51,217.61,217.18,217.32,4285
2019-09-18,202.55,204.21,200.64,202.46,3063
2019-09-19,194.29,195.09,194.55,194.79,2979
2019-09-20,179.7,180.39,179.24,179.83,5348
2019-09-23,179.34,179.54,177.56,179.02,4131
2019-09-24,192.47,194.14,191.31,192.46,4092
2019-09-25,178.91,179.88,177.97,178.68,5826
2019-09-26,186.31,187.13,184.77,185.65,4664
2019-09-27,178.76,178.84,176.87,178.39,3336
2019-09-30,168.08,169.1,167.48,168.05,4614
2019-10-01,166.56,167.68,165.28,166.73,1497
2019-10-02,153.42,155.49,154.07,154.21,4817
2019-10-03,147.87,149.26,146.77,147.92,5643
2019-10-04,135.05,135.15,133.99,135.14,1131
2019-10-07,156.93,157.86,156.52,156.81,1857
2019-10-08,157.21,157.34,156.58,157.26,1520
2019-10-09,149.09,150.0,148.94,149.18,1029
2019-10-10,151.11,152.08,150.57,151.65,4396
2019-10-11,150.11,150.86,149.59,150.39,5604
2019-10-14,148.07,148.45,146.99,147.93,2260
2019-10-15,155.52,155.96,154.69,154.99,2558
2019-10-16,164.13,164.71,163.81,164.16,1015
2019-10-17,157.84,158.89,157.67,157.74,4605
2019-10-18,151.34,151.66,150.56,151.05,2607
2019-10-21,147.73,148.07,147.14,147.97,4517
2019-10-22,124.45,125.34,123.3,124.36,3016
2019-10-23,110.76,111.24,110.19,110.93,4574
2019-10-24,123.24,123.56,122.49,123.03,2743
2019-10-25,139.38,140.3,138.01,139.34,4791
2019-10-28,136.85,137.23,135.79,136.77,4634
2019-10-29,142.67,142.97,141.56,142.89,2088
2019-10-30,146.53,146.87,145.55,146.32,2361
2019-10-31,185.47,186.45,184.23,184.7,4372
2019-11-01,200.65,202.35,200.95,201.06,5473
2019-11-04,199.03,200.5,197.72,199.16,1475
2019-11-05,185.41,186.49,185.09,185.32,2289
2019-11-06,164.42,164.49,163.66,164.16,1328
2019-11-07,166.55,167.44,165.85,166.74,5044
2019-11-08,156.61,158.69,156.61,157.5,2839
2019-11-11,141.86,141.62,140.63,141.48,2186
2019-11-12,134.96,135.13,134.53,134.75,5533
2019-11-13,123.77,124.54,123.73,124.2,4414
2019-11-14,140.95,141.73,140.25,141.12,4536
2019-11-15,151.35,152.36,149.42,150.88,2773
2019-11-18,151.25,150.92,149.72,150.82,3063
2019-11-19,169.02,169.58,167.15,168.7,2844
2019-11-20,169.67,170.03,168.43,169.73,5963
2019-11-21,159.09,160.6,158.12,159.06,3558
2019-11-22,178.46,178.71,178.16,178.5,2262
2019-11-25,186.38,186.71,184.72,185.96,4291
2019-11-26,171.67,173.24,170.9,171.97,2018
2019-11-27,169.28,170.75,168.53,169.55,2789
2019-11-28,159.04,159.39,157.95,158.72,4524
2019-11-29,142.98,143.49,142.24,143.0,4504
2019-12-02,153.82,154.01,152.89,153.4,1806
2019-12-03,177.01,177.72,176.33,177.25,3666
2019-12-04,159.48,159.83,159.19,159.5,1404
2019-12-05,166.16,167.27,165.13,166.47,1593
2019-12-06,158.51,158.94,158.22,158.51,4949
2019-12-09,152.36,153.25,152.68,152.81,5107
2019-12-10,146.0,147.11,145.51,146.15,4280
2019-12-11,136.54,138.26,136.03,136.93,3212
2019-12-12,137.66,138.29,136.86,137.46,2542
2019-12-13,129.31,129.22,128.76,129.12,1613
2019-12-16,131.36,131.91,131.08,131.81,1868
2019-12-17,131.69,132.59,130.89,131.34,1811
2019-12-18,129.66,129.4,127.81,129.02,2822
2019-12-19,120.5,120.6,119.37,120.48,5862
2019-12-20,115.22,116.06,114.79,115.37,5177
2019-12-23,122.86,122.93,121.77,122.17,2744
2019-12-24,126.58,127.73,125.98,126.91,3256
2019-12-25,117.9,118.21,117.85,117.89,5042
2019-12-26,118.85,118.82,118.24,118.81,4667
2019-12-27,126.11,126.99,125.35,125.78,1521
2019-12-30,110.97,111.16,109.86,110.89,2525
2019-12-31,115.44,116.34,115.54,115.56,2469
2020-01-01,109.72,110.71,109.33,109.93,3675
2020-01-02,114.72,115.5,113.95,114.8,2513
2020-01-03,108.17,108.73,107.86,108.39,5876
2020-01-06,94.59,94.84,94.5,94.58,2451
2020-01-07,83.56,84.15,82.84,83.65,5654
2020-01-08,83.72,84.7,83.54,83.97,4430
2020-01-09,85.87,86.46,85.13,85.65,4007
2020-01-10,79.93,80.09,79.82,80.01,4124
2020-01-13,83.77,84.11,83.58,83.98,2753
2020-01-14,74.06,74.79,73.77,74.09,5955
2020-01-15,73.74,74.27,73.68,73.73,2612
2020-01-16,67.06,67.89,67.22,67.29,4275
2020-01-17,64.11,64.2,63.53,64.07,1555
2020-01-20,64.18,64.69,64.16,64.31,5251
2020-01-21,60.48,60.7,60.16,60.28,3049
2020-01-22,58.62,58.96,58.27,58.56,1824
2020-01-23,63.15,63.46,62.72,63.2,3849
2020-01-24,60.43,60.53,60.48,60.52,4030
2020-01-27,64.46,64.85,64.1,64.48,2081
2020-01-28,59.28,59.36,59.14,59.21,4325
2020-01-29,61.64,61.92,61.62,61.64,1492
2020-01-30,68.72,69.41,68.72,68.75,5764
2020-01-31,57.05,57.27,56.57,57.05,1074
2020-02-03,53.66,54.17,53.66,53.72,3991
2020-02-04,56.09,56.23,56.1,56.13,4360
2020-02-05,55.05,55.66,55.04,55.29,1370
2020-02-06,56.98,57.42,56.39,56.87,5682
2020-02-07,54.37,54.4,54.2,54.34,1328
2020-02-10,54.63,54.71,54.48,54.71,5685
2020-02-11,54.29,54.31,54.06,54.08,2790
2020-02-12,59.09,59.14,58.82,59.08,1776
2020-02-13,60.12,60.69,59.89,60.24,3022
2020-02-14,61.92,62.38,61.46,61.81,5674
2020-02-17,59.98,60.19,59.73,59.93,5316
2020-02-18,57.82,57.92,57.59,57.77,2187
2020-02-19,55.88,56.17,55.86,55.92,2503
2020-02-20,57.68,58.05,57.42,57.63,4291
2020-02-21,55.81,55.84,55.78,55.83,4325
2020-02-24,57.15,57.42,56.64,57.08,1187
2020-02-25,66.54,67.2,66.15,66.79,2214
2020-02-26,71.29,71.81,70.66,71.35,4286
2020-02-27,69.87,69.8,69.03,69.63,4446
2020-02-28,76.15,76.81,75.8,76.26,2109
2020-03-02,73.87,74.03,73.44,73.96,3521
2020-03-03,63.36,63.54,63.23,63.41,5939
2020-03-04,58.63,59.29,58.4,58.77,4879
2020-03-05,50.81,51.41,50.8,51.03,1530
2020-03-06,49.68,49.71,49.46,49.7,2070
2020-03-09,49.8,49.91,49.4,49.78,4136
2020-03-10,56.51,56.64,56.36,56.52,1962
2020-03-11,57.93,58.1,57.76,57.94,2405
2020-03-12,57.01,57.15,56.48,57.0,4137
2020-03-13,60.83,60.74,60.67,60.7,1516
2020-03-16,51.35,51.61,51.12,51.37,4164
2020-03-17,52.24,52.69,51.83,52.3,2491
2020-03-18,55.42,55.79,55.12,55.45,4689
2020-03-19,49.66,49.93,49.33,49.6,5228
2020-03-20,54.24,54.13,53.95,54.09,5409
2020-03-23,55.43,56.03,55.31,55.5,1590
2020-03-24,53.81,54.25,53.34,53.8,2543
2020-03-25,56.48,56.9,56.13,56.44,4056
2020-03-26,66.89,67.58,66.68,67.03,3206
2020-03-27,67.97,68.6,67.9,67.97,4339
2020-03-30,69.07,69.65,69.26,69.27,3708
2020-03-31,66.68,67.05,66.27,66.92,5029
2020-04-01,62.81,63.16,62.53,62.77,1747
2020-04-02,66.8,67.34,66.44,66.85,1800
2020-04-03,62.7,63.13,62.62,62.67,2497
2020-04-06,63.02,63.35,62.59,63.02,2379
2020-04-07,60.68,60.84,60.23,60.8,1679
2020-04-08,63.05,63.29,62.69,63.05,4770
2020-04-09,64.52,65.27,64.6,64.68,4342
2020-04-10,70.16,70.38,69.56,69.97,1896
2020-04-13,67.15,67.7,66.82,67.34,2546
2020-04-14,65.96,66.17,65.72,65.99,4126
2020-04-15,61.17,61.52,60.76,61.3,1683
2020-04-16,59.35,59.81,58.9,59.28,2295
2020-04-17,60.97,61.42,60.46,61.01,2385
2020-04-20,64.55,65.12,64.21,64.62,1942
2020-04-21,60.38,60.55,60.2,60.28,4280
2020-04-22,64.39,64.79,64.19,64.39,2033
2020-04-23,71.42,71.52,71.2,71.35,3786
2020-04-24,73.48,74.15,72.96,73.63,3233
2020-04-27,84.63,85.23,84.22,84.87,4645
2020-04-28,80.08,80.42,79.52,80.06,2620
2020-04-29,72.84,73.36,72.67,72.89,4535
2020-04-30,63.81,64.33,63.61,63.73,4205
2020-05-01,71.36,71.42,70.83,71.37,3882
2020-05-04,75.04,75.63,74.65,75.01,5904
2020-05-05,74.47,74.93,74.54,74.71,1170
2020-05-06,76.61,76.66,75.85,76.32,2553
2020-05-07,70.09,70.13,70.08,70.11,4897
2020-05-08,84.48,84.62,84.09,84.36,2595
2020-05-11,85.07,85.64,84.81,85.21,2623
2020-05-12,85.99,85.98,85.81,85.93,5122
2020-05-13,90.56,91.24,89.9,90.8,2091
2020-05-14,94.26,95.05,93.98,94.18,3837
2020-05-15,95.74,95.91,95.68,95.81,1407
2020-05-18,90.27,90.96,90.08,90.27,5169
2020-05-19,93.69,93.94,92.84,93.56,1679
2020-05-20,107.62,108.59,107.43,107.89,5944
2020-05-21,119.3,119.77,118.78,119.46,5965
2020-05-22,134.9,134.99,134.75,134.78,1236
2020-05-25,130.24,129.9,129.65,129.69,3774
2020-05-26,120.34,120.45,119.83,120.37,4437
2020-05-27,119.39,119.47,118.28,119.25,4357
2020-05-28,119.75,120.58,118.72,119.78,3877
2020-05-29,130.64,131.28,130.02,130.13,3423
2020-06-01,114.13,115.46,113.91,114.53,5714
2020-06-02,128.62,129.47,127.42,128.59,4147
2020-06-03,126.68,127.23,126.6,127.09,2032
2020-06-04,122.46,123.44,122.06,123.08,3854
2020-06-05,114.1,114.39,113.88,114.04,3940
2020-06-08,100.68,100.9,99.71,100.65,4701
2020-06-09,107.07,107.68,106.33,107.13,5070
2020-06-10,107.72,108.32,106.73,107.75,4132
2020-06-11,98.36,98.11,97.09,97.76,4460
2020-06-12,88.61,88.97,88.34,88.66,5942
2020-06-15,86.54,87.17,85.64,86.45,2923
2020-06-16,97.97,98.87,97.83,98.1,1633
2020-06-17,96.27,96.51,95.89,96.21,5103
2020-06-18,85.85,86.68,85.29,85.89,2392
2020-06-19,84.26,85.13,83.68,84.33,4446
2020-06-22,82.93,82.89,81.86,82.62,4098
2020-06-23,67.56,67.64,67.26,67.4,5944
2020-06-24,67.16,67.48,66.6,67.14,1061
2020-06-25,65.68,66.61,65.5,65.99,3469
2020-06-26,69.52,70.18,69.52,69.57,2817
2020-06-29,80.45,80.1,79.71,80.02,1632
2020-06-30,87.11,87.49,86.9,87.15,5887
2020-07-01,85.6,85.89,85.15,85.41,3598
2020-07-02,78.8,78.97,77.8,78.58,4451
2020-07-03,95.51,95.65,94.85,95.47,2300
2020-07-06,95.75,96.74,95.23,95.91,3653
2020-07-07,95.57,96.68,95.1,96.03,2454
2020-07-08,96.01,96.68,95.52,95.88,2138
2020-07-09,97.19,98.18,96.56,97.34,4192
2020-07-10,96.34,97.03,95.89,96.31,5620
2020-07-13,92.01,92.64,91.44,92.24,5994
2020-07-14,88.47,89.06,88.36,88.52,3210
2020-07-15,88.33,88.46,87.48,88.32,5882
2020-07-16,84.83,85.35,84.6,84.78,4759
2020-07-17,80.17,80.49,80.09,80.35,4029
2020-07-20,81.21,81.58,80.4,81.01,2360
2020-07-21,79.39,79.67,79.17,79.48,3426
2020-07-22,88.77,89.18,88.53,89.07,5268
2020-07-23,72.9,73.03,72.59,72.91,1063
2020-07-24,79.2,79.2,78.61,79.2,2345
2020-07-27,87.07,87.66,86.84,87.04,1974
2020-07-28,74.63,74.97,74.38,74.43,5161
2020-07-29,72.5,72.91,72.32,72.54,4628
2020-07-30,70.53,70.66,70.21,70.54,2622
2020-07-31,63.3,63.49,63.33,63.44,1457
2020-08-03,59.92,59.84,59.61,59.83,4330
2020-08-04,55.04,55.11,54.8,55.02,2740
2020-08-05,62.77,63.38,62.79,62.82,4026
2020-08-06,67.18,67.6,67.05,67.44,2954
2020-08-07,74.48,74.52,73.6,74.26,1279
2020-08-10,78.25,78.52,78.32,78.44,3391
2020-08-11,71.95,72.2,71.61,72.04,2040
2020-08-12,69.3,69.61,68.79,69.25,1961
2020-08-13,71.7,72.31,71.57,71.87,4845
2020-08-14,65.35,65.71,65.09,65.55,2217
2020-08-17,68.89,69.23,68.9,69.19,4220
2020-08-18,68.05,68.22,67.61,67.96,1374
2020-08-19,66.0,66.23,66.07,66.07,5130
2020-08-20,70.14,69.89,69.25,69.73,2392
2020-08-21,71.99,72.82,71.65,72.13,3076
2020-08-24,70.07,70.63,70.17,70.2,1774
2020-08-25,76.56,77.07,76.36,76.65,5316
2020-08-26,70.68,70.94,69.95,70.65,4424
2020-08-27,73.96,74.35,73.72,74.03,3123
2020-08-28,77.53,77.86,77.05,77.44,5589
2020-08-31,75.51,76.19,74.97,75.66,4593
2020-09-01,77.35,78.11,77.01,77.57,1279
2020-09-02,70.33,70.7,70.17,70.58,5841
2020-09-03,75.36,76.08,75.1,75.7,3811
2020-09-04,74.59,74.97,74.02,74.67,3342
2020-09-07,71.74,72.41,71.46,71.79,2474
2020-09-08,77.63,78.22,77.36,77.73,2857
2020-09-09,73.89,74.1,73.43,73.71,3889
2020-09-10,66.44,66.36,65.64,66.28,2059
2020-09-11,58.89,59.29,58.52,58.93,2922
2020-09-14,61.49,61.78,61.66,61.71,4799
2020-09-15,55.96,56.22,55.54,56.03,5592
2020-09-16,63.91,64.08,63.68,63.99,3473
2020-09-17,54.61,55.06,54.64,54.68,5139
2020-09-18,62.09,62.3,61.83,62.17,2851
2020-09-21,63.1,63.43,62.92,63.19,4541
2020-09-22,62.69,63.3,62.19,62.74,5549
2020-09-23,60.14,60.34,60.1,60.22,1594
2020-09-24,62.1,62.39,61.56,62.07,1506
2020-09-25,61.96,62.17,61.57,61.91,5889
2020-09-28,67.19,67.32,67.27,67.31,1020
2020-09-29,68.08,68.44,67.25,67.91,2399
2020-09-30,68.56,68.74,68.34,68.7,4201
2020-10-01,66.63,67.16,66.65,66.85,3461
2020-10-02,66.62,66.95,66.26,66.57,4678
2020-10-05,68.04,68.58,67.57,68.15,1336
2020-10-06,59.94,60.31,59.72,59.9,2667
2020-10-07,53.85,54.24,54.0,54.11,4576
2020-10-08,57.41,57.25,57.17,57.25,1909
2020-10-09,58.08,58.42,57.83,58.0,1275
2020-10-12,57.04,57.52,56.77,57.21,1891
2020-10-13,57.13,57.78,57.03,57.3,1012
2020-10-14,59.04,59.32,58.71,58.84,5057
2020-10-15,56.42,56.98,56.4,56.5,4025
2020-10-16,53.19,53.54,53.1,53.28,1973
2020-10-19,53.84,54.27,53.58,54.09,5270
2020-10-20,50.21,50.64,50.07,50.24,4970
2020-10-21,51.8,52.06,51.31,51.83,2408
2020-10-22,45.64,45.66,45.35,45.58,2943
2020-10-23,49.14,49.69,49.18,49.27,3288
2020-10-26,50.92,51.53,50.62,51.08,1546
2020-10-27,52.13,52.33,51.84,52.08,2218
2020-10-28,56.22,56.15,55.71,56.11,2420
2020-10-29,63.45,63.9,63.03,63.65,2454
2020-10-30,68.89,69.29,68.7,68.74,4377
2020-11-02,59.83,60.36,59.76,59.82,3772
2020-11-03,54.43,54.43,53.92,54.32,5098
2020-11-04,51.81,51.86,51.67,51.82,3738
2020-11-05,51.67,52.39,51.84,51.93,4747
2020-11-06,54.0,54.23,54.0,54.02,2842
2020-11-09,51.25,51.42,51.13,51.14,1746
2020-11-10,51.79,52.38,51.48,51.88,3816
2020-11-11,48.97,49.04,48.94,49.01,1871
2020-11-12,46.79,47.11,46.59,46.81,1494
2020-11-13,41.85,42.12,41.84,42.09,4444
2020-11-16,39.39,39.41,39.09,39.26,5723
2020-11-17,35.39,35.74,35.45,35.46,2075
2020-11-18,32.97,33.08,32.68,32.94,4994
2020-11-19,35.67,36.04,35.68,35.68,5237
2020-11-20,33.3,33.4,32.96,33.22,1045
2020-11-23,40.57,40.67,40.17,40.54,4056
2020-11-24,42.07,42.18,41.9,42.08,3057
2020-11-25,42.61,42.84,42.46,42.69,1663
2020-11-26,40.08,40.16,39.82,40.01,5668
2020-11-27,42.04,42.22,42.03,42.2,3029
2020-11-30,40.46,40.56,40.05,40.41,3696
2020-12-01,40.7,40.98,40.42,40.79,1639
2020-12-02,49.63,49.87,49.34,49.51,3663
2020-12-03,49.18,49.48,48.86,49.16,3745
2020-12-04,53.7,54.01,53.14,53.63,5964
2020-12-07,50.87,50.87,50.38,50.87,5948
2020-12-08,50.56,50.85,50.48,50.74,5402
2020-12-09,57.92,58.4,57.76,58.02,3595
2020-12-10,55.42,55.61,55.19,55.35,4427
2020-12-11,63.51,63.49,62.88,63.49,1394
2020-12-14,67.15,67.53,66.89,66.99,4597
2020-12-15,64.26,64.71,63.84,64.21,5844
2020-12-16,67.24,67.74,67.18,67.37,3332
2020-12-17,72.41,72.57,72.32,72.52,1329
2020-12-18,76.05,76.61,75.72,76.03,3097
2020-12-21,67.22,67.93,66.86,67.53,1772
2020-12-22,64.15,64.43,63.9,63.93,2645
2020-12-23,62.82,63.23,62.4,62.76,2732
2020-12-24,62.57,62.92,62.37,62.42,5473
2020-12-25,65.23,65.77,65.33,65.43,2787
2020-12-28,66.5,66.42,66.04,66.33,2623
2020-12-29,60.24,60.38,59.67,59.97,1999
2020-12-30,61.57,62.12,61.58,61.74,2848
2020-12-31,64.76,65.14,64.46,64.66,2561
2021-01-01,67.47,67.59,67.41,67.47,1773
2021-01-04,73.0,73.37,73.01,73.23,2803
2021-01-05,78.09,78.71,77.26,78.01,2098
2021-01-06,80.92,81.39,80.02,80.78,3050
2021-01-07,80.28,81.1,80.1,80.37,2598
2021-01-08,71.07,71.44,70.5,70.9,1747
2021-01-11,73.01,73.69,72.59,73.26,4973
2021-01-12,74.21,74.92,74.43,74.43,3322
2021-01-13,76.01,76.67,75.37,75.99,2553
2021-01-14,69.02,69.41,68.36,69.01,2615
2021-01-15,63.52,64.01,63.55,63.61,4754
2021-01-18,69.01,69.0,68.78,68.89,5424
2021-01-19,68.78,69.03,68.04,68.7,3302
2021-01-20,72.47,72.87,71.96,72.35,5221
2021-01-21,72.5,72.71,72.51,72.52,5862
2021-01-22,72.78,72.84,72.51,72.7,4655
2021-01-25,77.99,78.3,77.7,78.05,4395
2021-01-26,75.39,75.26,74.56,75.08,1216
2021-01-27,75.52,75.81,75.09,75.65,4316
2021-01-28,73.37,73.37,72.34,73.06,2359
2021-01-29,70.72,71.36,70.51,70.72,4774
2021-02-01,68.91,69.45,68.72,69.1,5927
2021-02-02,70.47,70.41,69.91,70.28,5277
2021-02-03,67.81,67.85,67.52,67.8,5429
2021-02-04,74.69,75.08,74.44,74.56,5606
2021-02-05,69.87,69.97,69.02,69.7,5478
2021-02-08,68.78,69.3,68.15,68.74,2896
2021-02-09,66.42,66.94,66.17,66.5,5427
2021-02-10,74.35,74.79,73.76,74.2,1899
2021-02-11,75.33,75.53,75.16,75.33,1641
2021-02-12,81.57,82.02,81.01,81.46,5729
2021-02-15,72.5,73.01,72.31,72.82,4627
2021-02-16,74.38,75.02,73.93,74.32,1195
2021-02-17,79.4,80.01,78.72,79.5,2893
2021-02-18,80.28,80.27,79.53,80.02,4275
2021-02-19,86.85,86.98,86.42,86.74,5050
2021-02-22,83.47,83.59,82.79,83.43,5553
2021-02-23,92.92,93.48,92.67,92.83,5925
2021-02-24,110.25,110.71,110.05,110.47,3304
2021-02-25,107.85,108.14,107.13,107.5,4600
2021-02-26,104.38,104.24,103.52,103.97,4343
2021-03-01,116.15,116.83,115.15,116.06,3056
2021-03-02,131.22,131.87,130.17,130.81,3808
2021-03-03,125.62,126.74,124.76,125.76,2224
2021-03-04,121.66,122.78,121.15,121.86,1886
2021-03-05,119.32,119.53,118.9,119.31,1392
2021-03-08,107.9,107.9,106.93,107.8,2675
2021-03-09,100.51,101.29,100.35,100.59,4190
2021-03-10,93.36,93.6,93.05,93.26,3446
2021-03-11,88.07,88.4,87.57,88.01,4905
2021-03-12,87.63,87.83,87.57,87.8,4338
2021-03-15,89.48,89.62,89.38,89.39,4591
2021-03-16,100.7,100.56,99.87,100.52,4766
2021-03-17,93.27,94.05,92.76,93.23,3527
2021-03-18,100.69,100.7,100.01,100.46,3181
2021-03-19,98.62,99.42,97.91,98.86,4764
2021-03-22,98.61,98.55,97.95,98.51,1354
2021-03-23,103.45,104.38,102.8,103.69,3631
2021-03-24,95.06,95.58,95.14,95.27,2521
2021-03-25,97.96,98.97,97.53,98.09,3672
2021-03-26,99.16,100.23,98.49,99.35,4178
2021-03-29,103.02,103.47,102.54,103.14,3337
2021-03-30,105.39,106.39,104.68,105.44,1628
2021-03-31,127.18,128.23,126.49,126.97,3679
2021-04-01,120.94,122.01,120.9,121.01,5422
2021-04-02,115.91,117.26,115.74,116.28,2438
2021-04-05,111.2,111.22,110.51,110.95,2421
2021-04-06,106.23,107.02,105.48,106.41,2126
2021-04-07,101.41,101.49,101.17,101.42,3683
2021-04-08,111.08,111.09,109.91,110.98,2780
2021-04-09,123.64,124.82,122.4,123.59,2531
2021-04-12,118.65,118.78,118.1,118.39,2914
2021-04-13,111.3,112.03,110.81,111.19,2232
2021-04-14,115.05,116.18,114.22,115.25,2956
2021-04-15,111.04,111.51,109.49,110.56,1392
2021-04-16,116.05,117.16,115.49,116.0,1825
2021-04-19,117.78,118.1,117.44,117.82,3963
2021-04-20,105.29,105.13,104.53,105.08,3395
2021-04-21,118.21,118.63,117.34,118.15,5145
2021-04-22,135.46,135.53,134.98,135.35,5895
2021-04-23,129.9,129.28,128.3,129.25,2792
2021-04-26,125.48,126.0,125.48,125.54,4064
2021-04-27,128.23,129.32,128.25,128.31,2363
2021-04-28,131.65,132.37,131.12,131.62,3348
2021-04-29,138.67,138.8,137.88,138.37,4551
2021-04-30,160.62,162.16,160.6,161.11,4628
2021-05-03,158.38,159.37,158.22,159.0,4336
2021-05-04,149.54,149.74,149.24,149.72,2565
2021-05-05,134.48,135.95,134.66,134.92,4667
2021-05-06,127.59,128.49,127.3,127.69,3213
2021-05-07,127.53,128.37,126.16,127.4,5096
2021-05-10,145.68,146.0,145.34,145.94,2019
2021-05-11,139.97,141.54,139.74,140.37,2284
2021-05-12,142.81,143.67,141.97,142.79,1062
2021-05-13,142.89,143.44,141.24,142.64,3530
2021-05-14,155.55,157.05,155.7,156.08,4392
2021-05-17,189.28,190.6,187.68,188.97,4272
2021-05-18,181.87,182.64,180.27,181.57,3269
2021-05-19,175.34,176.03,173.95,175.01,5247
2021-05-20,189.88,191.3,189.25,189.42,1643
2021-05-21,200.36,200.99,198.13,199.48,5721
2021-05-24,229.25,230.43,229.26,229.41,1216
2021-05-25,239.86,241.51,238.38,239.81,1195
2021-05-26,233.24,234.34,231.71,233.43,4864
2021-05-27,244.14,244.7,243.62,244.14,4273
2021-05-28,266.35,267.12,263.3,265.54,3694
2021-05-31,281.82,285.21,282.5,282.58,4212
2021-06-01,293.18,296.42,291.21,293.69,3755
2021-06-02,319.29,319.5,316.95,318.41,2521
2021-06-03,348.62,349.74,347.15,347.91,2080
2021-06-04,386.02,387.12,385.78,386.3,1721
2021-06-07,406.49,409.84,401.93,405.8,2562
2021-06-08,401.06,404.71,400.49,400.78,1639
2021-06-09,406.55,407.96,404.53,405.33,5260
2021-06-10,444.19,447.7,442.58,444.13,5310
2021-06-11,418.47,420.6,415.02,417.61,4787
2021-06-14,431.77,432.05,427.16,429.5,4736
2021-06-15,417.5,417.22,416.48,417.0,1089
2021-06-16,418.03,419.89,416.78,417.99,3921
2021-06-17,461.16,463.6,459.39,460.49,2251
2021-06-18,466.94,470.45,466.29,467.29,2102
2021-06-21,471.26,470.77,467.09,469.02,5703
2021-06-22,423.44,427.27,420.31,423.29,1348
2021-06-23,447.7,448.69,446.97,447.94,4913
2021-06-24,469.65,472.79,468.71,470.43,5052
2021-06-25,555.34,557.95,551.95,554.12,3941
2021-06-28,542.42,545.26,536.2,541.48,1245
2021-06-29,550.09,554.21,545.38,550.64,1271
2021-06-30,561.87,562.77,556.74,561.23,3030
2021-07-01,630.52,633.42,630.9,632.43,5498
2021-07-02,628.25,632.01,627.59,628.02,4187
2021-07-05,642.11,645.37,639.5,641.53,4506
2021-07-06,674.12,673.04,670.04,671.83,2465
2021-07-07,680.46,686.32,678.06,681.51,2195
2021-07-08,657.34,662.02,653.9,659.03,4087
2021-07-09,667.7,673.36,663.16,668.9,4008
2021-07-12,723.65,731.67,719.46,725.59,4823
2021-07-13,673.35,672.69,669.14,671.55,2614
2021-07-14,680.57,678.6,673.81,678.47,2126
2021-07-15,644.04,648.64,641.61,643.62,5379
2021-07-16,706.34,708.91,704.18,704.61,1516
2021-07-19,628.27,632.5,623.7,628.1,3665
2021-07-20,602.12,607.29,602.18,602.24,2301
2021-07-21,619.37,624.76,617.25,619.78,1611
2021-07-22,697.35,704.49,695.48,697.78,1749
2021-07-23,692.31,698.18,689.65,694.46,2856
2021-07-26,666.4,669.3,660.95,666.05,1399
2021-07-27,767.92,771.07,765.65,767.98,2526
2021-07-28,689.52,689.55,682.9,688.49,3024
2021-07-29,583.29,586.52,581.46,583.18,1319
2021-07-30,602.82,604.69,600.33,603.02,1335
2021-08-02,579.67,586.03,576.46,580.68,3098
2021-08-03,537.72,540.78,533.92,537.64,1173
2021-08-04,568.17,570.69,561.73,567.33,5019
2021-08-05,576.68,580.05,576.7,578.0,2641
2021-08-06,554.08,554.27,550.31,553.98,1500
2021-08-09,503.21,503.14,499.91,502.98,4646
2021-08-10,536.6,539.65,532.46,537.37,3363
2021-08-11,563.89,565.04,563.68,564.56,2856
2021-08-12,560.71,563.85,556.24,560.45,4152
2021-08-13,643.08,650.22,640.88,644.54,2896
2021-08-16,594.99,599.82,592.94,594.57,2718
2021-08-17,528.97,533.41,527.4,529.92,2778
2021-08-18,504.08,504.08,501.34,503.01,5792
2021-08-19,503.73,505.71,498.48,501.38,4057
2021-08-20,509.91,515.32,506.25,510.79,5827
2021-08-23,502.2,502.65,498.81,501.66,3713
2021-08-24,514.55,519.09,512.04,515.29,4828
2021-08-25,469.85,470.21,466.44,468.87,5747
2021-08-26,521.72,527.24,522.78,523.04,2094
2021-08-27,520.41,525.09,518.7,519.91,1045
2021-08-30,564.85,566.01,563.06,565.84,2445
2021-08-31,580.57,586.02,579.0,580.81,3196
2021-09-01,600.09,605.07,600.24,601.33,4201
2021-09-02,628.95,634.03,624.75,627.92,1455
2021-09-03,648.58,652.68,647.57,649.66,2662
2021-09-06,682.9,687.92,680.38,682.14,3924
2021-09-07,753.87,754.86,750.89,754.39,1965
2021-09-08,765.66,768.4,764.81,765.83,5964
2021-09-09,808.4,808.7,800.66,808.16,2528
2021-09-10,801.63,810.69,795.89,802.85,3976
2021-09-13,895.75,902.68,889.03,895.37,4071
2021-09-14,853.51,858.16,850.0,850.91,5869
2021-09-15,973.68,984.34,967.63,975.2,3521
2021-09-16,974.71,973.26,964.58,972.43,2126
2021-09-17,875.54,876.29,866.22,872.92,4404
2021-09-20,880.15,882.22,880.58,881.59,5492
2021-09-21,835.08,839.28,832.12,837.52,3343
2021-09-22,893.18,894.69,885.2,892.64,1106
2021-09-23,848.91,853.83,844.94,849.84,3577
2021-09-24,824.89,824.03,816.51,821.82,4154
2021-09-27,712.62,713.29,709.31,712.57,5383
2021-09-28,687.65,689.91,685.12,688.76,5053
2021-09-29,572.24,574.4,573.36,573.56,5801
2021-09-30,510.05,513.89,505.69,508.94,1214
2021-10-01,538.54,543.25,538.72,539.16,5439
2021-10-04,572.32,577.81,569.78,572.27,5289
2021-10-05,592.22,593.69,589.36,591.09,5253
2021-10-06,549.0,551.06,546.54,549.53,1464
2021-10-07,547.61,552.04,546.93,547.66,3372
2021-10-08,547.61,549.41,543.84,547.62,1591
2021-10-11,502.5,503.31,497.82,501.81,3188
2021-10-12,562.98,563.63,561.4,562.32,1883
2021-10-13,600.73,601.78,600.37,601.0,5158
2021-10-14,591.23,592.67,590.3,591.16,1303
2021-10-15,592.04,594.58,587.28,592.48,5491
2021-10-18,600.23,606.06,598.82,602.0,1333
2021-10-19,516.27,516.33,513.6,516.01,3833
2021-10-20,508.47,507.62,506.02,506.56,5506
2021-10-21,480.35,485.09,478.07,481.2,3331
2021-10-22,445.51,446.85,442.33,446.2,5561
2021-10-25,436.14,438.4,433.29,436.9,1079
2021-10-26,501.32,504.93,497.46,500.6,4763
2021-10-27,526.02,526.36,525.15,525.55,3831
2021-10-28,503.28,503.86,502.88,503.44,2977
2021-10-29,524.85,528.36,525.56,525.81,1732
2021-11-01,584.71,586.37,583.1,584.6,4976
2021-11-02,625.09,630.58,626.2,627.05,2817
2021-11-03,630.19,635.07,628.37,630.01,2384
2021-11-04,601.1,600.88,597.75,600.06,3124
2021-11-05,631.12,636.38,626.74,632.7,2198
2021-11-08,649.94,655.23,647.96,651.94,3292
2021-11-09,699.92,698.72,691.89,697.72,5217
2021-11-10,731.28,736.75,726.98,732.18,1184
2021-11-11,794.6,794.96,791.9,792.79,5127
2021-11-12,761.28,765.22,755.91,761.51,1997
2021-11-15,841.14,842.11,839.1,841.42,2986
2021-11-16,855.0,858.17,848.79,854.25,3809
2021-11-17,997.77,1002.6,996.13,999.54,5664
2021-11-18,949.24,956.79,939.52,948.99,3357
2021-11-19,1081.45,1082.89,1079.42,1082.28,2679
2021-11-22,1095.91,1103.41,1095.74,1098.81,5925
2021-11-23,1046.92,1051.01,1036.48,1046.22,4039
2021-11-24,1008.31,1016.15,1008.59,1008.84,5886
2021-11-25,984.59,990.55,978.04,984.9,3511
2021-11-26,1014.73,1023.98,1009.81,1017.19,4527
2021-11-29,1061.78,1066.63,1049.56,1058.41,4026
2021-11-30,1015.47,1022.43,1003.81,1013.69,3745
2021-12-01,1013.98,1015.2,1002.15,1012.03,5173
2021-12-02,1189.44,1196.57,1189.39,1190.17,3581
2021-12-03,1351.77,1367.86,1345.32,1356.47,5203
2021-12-06,1407.71,1416.1,1393.17,1402.23,3811
2021-12-07,1406.37,1419.05,1397.44,1406.54,5090
2021-12-08,1417.52,1424.92,1417.82,1419.65,1369
2021-12-09,1488.57,1490.23,1477.66,1487.33,4743
2021-12-10,1380.16,1383.68,1363.41,1376.94,3004
2021-12-13,1350.62,1360.7,1338.36,1350.68,2703
2021-12-14,1193.9,1196.72,1185.63,1190.86,4324
2021-12-15,1230.25,1233.52,1227.1,1227.59,1440
2021-12-16,1286.62,1300.2,1284.72,1289.39,4257
2021-12-17,1241.72,1247.89,1233.12,1243.39,3906
2021-12-20,1403.46,1412.82,1390.95,1400.77,1226
2021-12-21,1270.14,1282.26,1271.2,1277.07,3401
2021-12-22,1143.13,1147.22,1142.84,1143.47,5718
2021-12-23,1159.94,1168.55,1158.3,1163.27,2024
2021-12-24,1258.13,1268.94,1253.43,1259.34,4491
2021-12-27,1429.72,1432.38,1417.29,1430.57,5256
2021-12-28,1381.08,1384.79,1373.21,1382.07,1870
2021-12-29,1498.13,1514.06,1495.11,1499.79,4199
2021-12-30,1492.44,1498.35,1487.87,1495.73,2745
2021-12-31,1483.4,1485.01,1475.65,1476.63,1443
2022-01-03,1584.84,1588.09,1563.59,1578.95,5558
2022-01-04,1655.23,1667.21,1653.11,1659.09,1472
2022-01-05,1477.66,1482.5,1465.96,1473.0,1079
2022-01-06,1645.95,1651.05,1641.41,1647.26,1239
2022-01-07,1829.23,1838.87,1816.28,1828.76,5652
2022-01-10,1744.42,1751.14,1733.09,1744.64,1589
2022-01-11,1795.61,1809.88,1785.13,1797.99,2360
2022-01-12,1870.45,1869.41,1861.77,1866.77,2884
2022-01-13,1904.78,1915.17,1898.29,1904.3,3316
2022-01-14,1825.33,1830.46,1824.78,1827.07,5430
2022-01-17,1732.44,1741.81,1725.58,1736.97,1311
2022-01-18,1730.86,1737.76,1733.27,1733.96,2076
2022-01-19,1888.85,1898.54,1883.75,1895.07,1033
2022-01-20,1975.01,1991.27,1957.78,1974.96,2841
2022-01-21,1916.18,1926.27,1903.67,1920.78,5481
2022-01-24,2035.48,2055.45,2027.42,2036.56,1248
2022-01-25,1646.86,1658.29,1634.82,1642.36,2134
2022-01-26,1796.01,1801.94,1790.33,1791.71,5889
2022-01-27,1571.13,1573.48,1560.69,1571.23,5947
2022-01-28,1528.8,1534.8,1516.51,1529.07,1375
2022-01-31,1410.54,1416.46,1401.82,1405.25,1723
2022-02-01,1275.82,1279.17,1269.12,1274.49,2913
2022-02-02,1390.75,1392.87,1379.99,1391.66,5297
2022-02-03,1339.75,1351.06,1331.8,1343.58,3492
2022-02-04,1380.6,1391.17,1376.16,1379.51,2942
2022-02-07,1377.18,1385.85,1367.33,1374.9,5004
2022-02-08,1423.87,1428.17,1422.93,1425.67,3344
2022-02-09,1435.09,1443.91,1432.8,1434.26,2331
2022-02-10,1301.0,1304.82,1290.09,1301.95,5588
2022-02-11,1403.55,1407.13,1392.54,1404.06,1337
2022-02-14,1346.16,1364.72,1342.61,1352.89,2865
2022-02-15,1202.42,1205.95,1202.36,1202.95,4137
2022-02-16,1167.13,1167.94,1155.05,1164.87,1791
2022-02-17,1303.42,1305.08,1299.35,1305.07,4611
2022-02-18,1392.13,1404.1,1387.21,1391.98,4700
2022-02-21,1353.99,1366.79,1348.63,1356.04,2516
2022-02-22,1321.92,1329.26,1319.76,1320.97,4953
2022-02-23,1288.94,1299.17,1279.74,1289.5,4908
2022-02-24,1506.15,1511.28,1500.2,1508.99,3673
2022-02-25,1557.64,1560.62,1550.6,1553.5,3122
2022-02-28,1608.13,1610.78,1602.12,1605.15,4785
2022-03-01,1733.4,1737.13,1732.3,1735.5,1058
2022-03-02,1769.22,1776.05,1766.45,1767.46,3433
2022-03-03,1735.39,1749.49,1723.34,1733.53,3062
2022-03-04,1710.52,1709.01,1693.97,1708.33,2254
2022-03-07,1693.69,1704.4,1699.15,1699.45,4688
2022-03-08,1698.42,1698.52,1694.18,1695.01,4748
2022-03-09,1789.16,1795.47,1780.95,1791.21,5130
2022-03-10,1797.32,1814.95,1783.87,1798.61,5257
2022-03-11,1911.44,1910.31,1895.2,1901.41,4029
2022-03-14,1891.36,1899.03,1883.61,1890.22,3846
2022-03-15,1900.39,1916.33,1890.52,1901.86,5990
2022-03-16,1628.34,1638.08,1631.07,1635.56,1470
2022-03-17,1758.08,1761.75,1752.74,1753.21,5035
2022-03-18,1795.25,1807.84,1786.86,1800.1,3899
2022-03-21,1937.64,1953.13,1929.39,1941.54,2446
2022-03-22,1559.05,1575.68,1551.03,1560.09,5443
2022-03-23,1832.42,1841.3,1813.69,1827.24,5789
2022-03-24,1811.22,1815.62,1796.21,1808.42,1912
2022-03-25,1966.21,1983.11,1962.78,1966.83,5242
2022-03-28,1819.62,1821.6,1812.09,1818.5,2711
2022-03-29,1902.81,1905.67,1902.69,1905.09,1674
2022-03-30,1760.11,1763.22,1757.34,1759.62,2439
2022-03-31,1679.16,1684.63,1667.56,1678.91,3734
2022-04-01,1944.43,1950.57,1924.0,1940.67,4630
2022-04-04,1916.97,1925.04,1894.85,1913.27,1685
2022-04-05,1947.29,1963.08,1933.14,1945.37,2126
2022-04-06,2076.52,2088.62,2074.2,2078.03,5216
2022-04-07,2161.0,2168.61,2155.52,2157.8,3466
2022-04-08,2182.5,2184.0,2165.16,2182.91,3397
2022-04-11,2239.56,2245.2,2231.42,2244.41,5137
2022-04-12,2689.93,2706.94,2675.46,2692.1,4438
2022-04-13,2681.39,2692.68,2659.99,2680.94,5124
2022-04-14,2727.5,2745.39,2703.39,2722.54,1965
2022-04-15,2947.09,2952.91,2923.57,2948.17,1919
2022-04-18,3198.02,3206.58,3203.98,3205.78,5913
2022-04-19,3507.83,3523.18,3481.21,3507.43,3872
2022-04-20,3682.5,3690.41,3650.34,3681.67,2508
2022-04-21,3378.84,3379.26,3367.92,3377.59,2212
2022-04-22,3829.27,3849.93,3797.76,3822.24,1871
2022-04-25,3512.8,3509.57,3494.65,3505.66,5390
2022-04-26,3583.23,3609.32,3553.13,3587.49,4254
2022-04-27,3385.16,3398.86,3388.2,3389.34,1863
2022-04-28,3366.6,3379.47,3354.05,3373.61,4953
2022-04-29,3464.03,3472.33,3453.43,3459.19,4108
2022-05-02,3555.23,3573.37,3519.71,3544.96,4055
2022-05-03,3658.26,3674.92,3654.13,3660.57,4994
2022-05-04,4134.3,4167.35,4126.56,4136.3,3682
2022-05-05,4293.98,4286.79,4260.25,4281.42,5690
2022-05-06,4208.21,4236.44,4165.5,4203.96,1613
2022-05-09,4526.62,4533.39,4513.1,4522.67,2872
2022-05-10,4937.37,4982.68,4942.02,4949.15,4154
2022-05-11,4517.57,4536.97,4477.2,4511.44,5560
2022-05-12,4712.01,4764.64,4697.15,4720.78,4373
2022-05-13,4967.45,4998.02,4933.34,4978.74,4191
2022-05-16,4865.59,4872.18,4861.82,4868.96,1567
2022-05-17,5397.31,5404.68,5368.74,5403.64,5133
2022-05-18,5341.39,5387.94,5331.31,5343.75,1244
2022-05-19,5380.24,5424.11,5387.33,5395.79,1020
2022-05-20,5336.93,5368.01,5290.31,5326.72,1393
2022-05-23,5346.08,5346.56,5302.38,5334.05,4814
2022-05-24,4891.68,4927.76,4873.74,4910.81,3055
2022-05-25,4413.79,4406.5,4391.54,4405.17,4515
2022-05-26,4962.4,5018.24,4948.19,4970.45,3375
2022-05-27,4671.12,4694.27,4644.22,4663.12,2910
2022-05-30,4326.7,4367.67,4284.71,4327.29,1289
2022-05-31,3678.17,3687.73,3667.21,3677.96,3558
2022-06-01,3503.93,3526.66,3494.9,3505.23,1360
2022-06-02,3179.93,3193.77,3161.0,3172.24,2622
2022-06-03,3583.28,3603.6,3571.91,3592.19,5314
2022-06-06,3882.62,3910.79,3868.12,3877.91,5094
2022-06-07,3690.18,3716.94,3648.37,3682.07,3453
2022-06-08,4372.66,4405.05,4354.81,4366.41,3015
2022-06-09,4725.59,4738.48,4661.58,4703.72,3040
2022-06-10,4585.68,4603.28,4585.79,4590.54,3044
2022-06-13,3808.26,3811.68,3776.02,3800.98,3800
2022-06-14,4519.6,4564.11,4479.56,4520.56,3970
2022-06-15,4080.65,4071.03,4063.74,4070.61,1831
2022-06-16,3595.18,3620.98,3560.42,3595.24,2793
2022-06-17,3881.93,3912.38,3867.35,3884.94,4692
2022-06-20,4684.89,4701.78,4628.5,4672.69,2791
2022-06-21,5184.07,5240.55,5154.05,5189.17,3841
2022-06-22,5400.93,5433.12,5399.89,5416.23,5690
2022-06-23,5660.56,5685.68,5655.75,5666.42,3154
2022-06-24,6052.7,6049.99,6026.86,6045.22,1580
2022-06-27,6421.27,6431.8,6397.49,6403.44,3853
2022-06-28,6543.76,6559.39,6532.9,6542.31,3236
2022-06-29,6612.74,6618.0,6588.45,6595.36,5176
2022-06-30,6547.69,6620.32,6537.76,6565.52,3155
2022-07-01,6197.52,6261.05,6153.67,6203.02,2344
2022-07-04,6070.5,6085.28,6065.42,6074.0,1345
2022-07-05,5344.2,5365.34,5338.46,5345.42,2886
2022-07-06,5307.78,5356.17,5272.74,5306.89,1554
2022-07-07,4932.54,4928.78,4916.02,4925.73,4770
2022-07-08,4528.35,4536.57,4527.96,4532.38,5397
2022-07-11,4596.63,4602.83,4587.68,4595.35,1199
2022-07-12,5105.81,5136.66,5059.1,5106.27,3940
2022-07-13,5464.28,5482.66,5429.45,5474.42,4490
2022-07-14,4861.46,4909.64,4845.35,4862.56,1306
2022-07-15,4511.67,4533.13,4483.37,4512.97,4075
2022-07-18,4844.96,4870.87,4820.52,4846.56,2656
2022-07-19,4500.83,4511.65,4470.07,4500.55,3692
2022-07-20,4426.32,4446.49,4395.43,4425.65,2764
2022-07-21,4610.47,4645.0,4585.45,4614.46,1275
2022-07-22,4300.52,4321.82,4278.18,4289.6,4361
2022-07-25,4314.65,4357.37,4323.08,4324.76,2401
2022-07-26,3905.05,3933.29,3892.87,3910.69,5733
2022-07-27,3758.41,3771.43,3704.33,3737.63,2775
2022-07-28,3821.89,3861.15,3808.03,3829.84,4381
2022-07-29,3386.82,3421.73,3367.75,3396.02,5050
2022-08-01,3516.85,3513.65,3476.87,3511.69,4460
2022-08-02,3492.61,3507.42,3501.44,3507.18,2880
2022-08-03,3655.76,3665.25,3632.18,3657.48,4835
2022-08-04,3736.62,3745.34,3695.57,3720.66,5278
2022-08-05,4112.88,4142.59,4085.2,4125.62,2844
2022-08-08,4149.18,4182.45,4124.63,4165.69,4377
2022-08-09,4021.35,4069.12,4005.75,4033.44,1071
2022-08-10,4079.03,4108.18,4061.79,4071.71,2676
2022-08-11,4252.8,4281.84,4209.37,4243.26,2295
2022-08-12,4255.44,4273.18,4255.25,4259.81,2043
2022-08-15,4279.58,4303.28,4240.38,4273.74,3625
2022-08-16,4064.94,4064.68,4016.78,4053.67,4042
2022-08-17,3870.1,3863.66,3841.55,3856.31,1814
2022-08-18,3467.35,3475.46,3447.18,3469.06,3194
2022-08-19,3942.14,3973.91,3943.33,3960.37,4500
2022-08-22,3599.75,3621.17,3589.89,3605.67,1309
2022-08-23,3419.43,3450.79,3411.73,3422.35,3061
2022-08-24,3240.41,3245.98,3217.38,3242.09,5227
2022-08-25,3468.39,3495.2,3437.22,3469.7,2877
2022-08-26,3401.46,3411.9,3361.94,3393.87,3802
2022-08-29,3739.81,3741.04,3723.78,3730.3,3486
2022-08-30,3544.63,3563.32,3514.83,3545.84,5835
2022-08-31,3630.1,3633.0,3595.43,3622.14,4745
2022-09-01,3403.59,3421.43,3392.56,3401.16,1794
2022-09-02,4001.23,4018.07,3998.02,4000.71,5014
2022-09-05,3664.56,3663.94,3648.13,3657.93,5353
2022-09-06,3745.89,3749.72,3711.19,3745.35,4407
2022-09-07,3946.11,3951.42,3905.05,3929.94,3456
2022-09-08,4043.95,4092.21,4026.37,4055.61,2851
2022-09-09,3995.88,4013.76,3989.71,4000.0,1974
2022-09-12,3960.72,3990.76,3933.22,3961.72,2047
2022-09-13,3979.15,4001.84,3974.54,3975.65,5366
2022-09-14,3942.47,3969.13,3917.74,3932.5,5237
2022-09-15,4230.36,4265.3,4204.05,4230.57,4789
2022-09-16,4986.76,5029.32,4993.68,5000.98,5997
2022-09-19,4803.64,4827.07,4756.09,4795.56,4021
2022-09-20,4331.22,4363.55,4314.53,4324.69,5369
2022-09-21,4280.09,4313.95,4268.75,4296.78,5029
2022-09-22,5222.96,5240.07,5201.84,5223.0,1464
2022-09-23,4900.48,4916.65,4886.81,4916.12,1287
2022-09-26,5558.3,5611.7,5559.72,5565.7,4195
2022-09-27,6308.11,6370.14,6318.45,6319.52,1875
2022-09-28,6071.54,6068.06,6006.59,6061.73,2992
2022-09-29,6330.87,6365.9,6312.32,6329.39,3925
2022-09-30,7141.5,7193.13,7101.22,7159.91,2120
2022-10-03,6971.25,6967.27,6889.46,6959.01,1446
2022-10-04,6834.44,6921.3,6839.6,6854.09,3832
2022-10-05,6564.87,6574.63,6543.15,6560.54,4568
2022-10-06,6067.42,6081.4,6037.03,6077.32,3896
2022-10-07,5783.15,5821.81,5731.51,5787.39,1721
2022-10-10,5282.32,5315.99,5228.67,5277.0,3163
2022-10-11,5297.18,5293.38,5265.06,5291.67,3582
2022-10-12,5006.8,5026.34,4953.75,4993.45,2351
2022-10-13,5082.65,5110.55,5076.59,5083.49,4980
2022-10-14,4523.09,4524.98,4476.13,4520.32,5502
2022-10-17,4631.67,4643.72,4591.02,4635.72,4384
2022-10-18,4939.99,4966.24,4930.11,4938.19,2725
2022-10-19,4251.89,4260.75,4235.44,4248.16,1693
2022-10-20,4370.0,4411.87,4366.48,4370.86,4413
2022-10-21,4779.56,4836.13,4783.83,4796.86,1494
2022-10-24,4381.46,4421.63,4342.83,4378.56,1947
2022-10-25,4973.29,4982.57,4950.87,4969.67,1022
2022-10-26,5123.64,5180.37,5126.08,5130.62,2128
2022-10-27,4852.81,4886.29,4848.66,4865.31,1557
2022-10-28,4860.11,4862.64,4798.25,4845.8,2616
2022-10-31,5060.67,5058.25,5023.87,5055.7,4730
2022-11-01,5083.51,5088.53,5064.68,5085.84,2656
2022-11-02,5286.25,5334.96,5289.47,5298.3,5173
2022-11-03,4934.95,4965.71,4894.33,4943.08,1806
2022-11-04,5020.81,5019.1,4966.65,5007.76,4312
2022-11-07,4502.33,4528.73,4488.42,4501.09,5863
2022-11-08,4459.38,4475.58,4461.16,4464.29,1453
2022-11-09,4174.52,4194.36,4167.91,4170.27,3975
2022-11-10,3939.08,3959.68,3940.76,3945.51,3324
2022-11-11,4345.81,4368.49,4307.65,4332.81,2447
2022-11-14,4719.07,4744.96,4662.63,4706.34,3561
2022-11-15,4924.49,4952.62,4904.61,4929.09,3511
2022-11-16,4533.63,4555.27,4501.08,4539.34,3871
2022-11-17,4409.72,4449.01,4413.17,4432.94,1362
2022-11-18,4845.23,4898.78,4825.19,4859.63,4454
2022-11-21,4899.78,4929.07,4876.99,4912.94,3798
2022-11-22,5857.17,5867.83,5845.4,5855.59,5620
2022-11-23,6029.56,6038.61,6011.7,6033.5,4453
2022-11-24,6106.47,6151.52,6083.92,6122.94,4255
2022-11-25,5979.35,6011.56,5978.48,5982.71,2217
2022-11-28,6050.72,6095.44,6022.76,6044.61,2485
2022-11-29,5982.84,5989.75,5944.57,5976.53,3103
2022-11-30,6282.45,6330.44,6243.58,6306.41,3536
2022-12-01,6778.99,6835.55,6748.55,6780.73,2855
2022-12-02,6373.17,6443.49,6338.7,6390.86,5817
2022-12-05,5790.6,5802.41,5755.21,5780.18,2207
2022-12-06,5039.95,5055.16,4991.98,5032.06,2448
2022-12-07,5220.69,5245.95,5198.95,5230.09,2507
2022-12-08,4805.14,4857.39,4769.85,4812.52,2003
2022-12-09,4086.76,4095.39,4073.72,4090.53,1925
2022-12-12,4194.32,4252.65,4187.84,4213.3,5951
2022-12-13,5091.49,5122.87,5056.01,5088.07,1083
2022-12-14,5083.97,5113.79,5065.51,5086.75,4742
2022-12-15,5431.19,5422.45,5412.85,5420.68,4927
2022-12-16,5443.41,5481.34,5450.29,5455.39,2542
2022-12-19,5409.13,5437.92,5414.94,5415.84,1985
2022-12-20,5789.14,5816.0,5755.92,5806.64,5231
2022-12-21,5670.33,5719.04,5668.3,5681.74,1908
2022-12-22,5785.2,5855.22,5786.64,5798.9,3908
2022-12-23,5954.67,5976.24,5899.09,5942.83,5685
2022-12-26,5643.38,5691.67,5633.19,5651.27,3737
2022-12-27,6094.09,6096.74,6061.74,6092.57,3586
2022-12-28,6009.14,6038.84,6003.95,6013.72,2143
2022-12-29,5666.49,5687.53,5626.4,5680.92,2331
2022-12-30,5915.23,5953.49,5866.83,5917.22,4348
2023-01-02,5536.41,5581.68,5482.02,5529.78,2553
2023-01-03,5529.28,5579.35,5520.13,5542.67,3342
2023-01-04,5548.92,5544.21,5497.72,5539.95,2806
2023-01-05,6004.86,6036.42,6006.43,6015.08,3100
2023-01-06,6230.06,6270.43,6235.55,6236.09,1805
2023-01-09,6232.14,6250.64,6224.29,6225.53,5147
2023-01-10,6615.05,6679.06,6584.98,6623.84,3775
2023-01-11,7359.84,7419.24,7325.77,7359.29,1071
2023-01-12,7672.93,7724.74,7637.99,7677.76,1027
2023-01-13,7687.29,7714.0,7684.72,7685.3,1468
2023-01-16,6927.99,6978.91,6931.71,6961.13,4983
2023-01-17,6400.39,6430.7,6377.77,6423.9,1763
2023-01-18,6286.36,6300.91,6250.83,6278.62,2424
2023-01-19,6009.53,6021.87,5953.18,5997.09,3248
2023-01-20,5903.33,5954.07,5900.32,5914.1,4832
2023-01-23,5937.76,5979.76,5892.35,5940.66,5915
2023-01-24,6188.23,6188.92,6148.19,6184.58,5060
2023-01-25,6161.46,6177.25,6139.96,6152.93,5070
2023-01-26,6358.8,6396.3,6369.58,6384.69,2675
2023-01-27,6405.79,6427.22,6376.86,6417.16,1559
2023-01-30,5524.41,5573.82,5482.21,5528.09,5474
2023-01-31,5157.43,5152.35,5128.79,5150.19,4831
2023-02-01,5120.87,5116.77,5082.25,5095.41,2918
2023-02-02,4648.94,4658.88,4610.73,4651.06,1078
2023-02-03,4854.11,4910.61,4835.23,4867.8,5929
2023-02-06,5470.44,5496.49,5441.55,5466.05,4647
2023-02-07,6010.58,6008.62,5965.5,5994.75,2031
2023-02-08,5901.24,5929.61,5887.92,5899.97,3072
2023-02-09,6593.07,6653.36,6563.65,6605.05,5545
2023-02-10,6693.82,6745.03,6657.05,6681.02,2484
2023-02-13,6522.87,6528.58,6449.36,6514.22,3245
2023-02-14,6207.53,6275.42,6190.43,6220.29,2550
2023-02-15,6085.53,6137.7,6051.34,6080.89,5785
2023-02-16,5918.0,5960.35,5872.8,5906.22,5682
2023-02-17,5998.13,6022.01,5929.13,5983.98,2829
2023-02-20,6057.46,6096.42,6009.75,6058.26,4751
2023-02-21,6056.52,6085.3,6033.52,6060.86,5722
2023-02-22,6281.01,6312.78,6220.6,6265.63,3031
2023-02-23,6840.49,6893.52,6816.89,6857.09,5459
2023-02-24,7375.31,7418.76,7332.56,7368.84,4856
2023-02-27,6569.7,6615.97,6575.08,6587.75,3182
2023-02-28,5443.81,5471.98,5407.04,5432.24,5469
2023-03-01,5827.93,5879.01,5816.6,5830.94,3094
2023-03-02,5272.92,5267.28,5211.46,5259.57,4903
2023-03-03,5177.07,5215.07,5154.64,5171.99,4032
2023-03-06,4723.52,4760.69,4690.01,4735.1,2548
2023-03-07,4144.7,4167.83,4110.89,4132.92,1367
2023-03-08,4319.81,4325.03,4279.26,4306.45,1064
2023-03-09,4569.77,4579.01,4536.95,4561.72,4299
2023-03-10,4361.4,4408.03,4362.4,4368.06,5849
2023-03-13,3589.6,3600.82,3578.3,3591.79,3035
2023-03-14,3448.19,3476.29,3443.77,3447.19,3863
2023-03-15,3546.52,3568.7,3529.39,3551.51,2876
2023-03-16,3187.24,3192.82,3162.3,3176.49,5851
2023-03-17,3222.4,3231.4,3196.4,3221.47,3228
2023-03-20,3200.98,3236.82,3211.28,3218.38,1596
2023-03-21,3365.39,3374.05,3357.58,3363.11,4606
2023-03-22,3391.96,3395.66,3380.53,3394.32,3674
2023-03-23,3153.76,3162.81,3125.01,3154.23,4889
2023-03-24,3450.98,3453.75,3428.99,3453.53,4506
2023-03-27,3418.57,3446.46,3398.77,3413.07,2834
2023-03-28,3414.33,3439.6,3389.08,3406.7,2395
2023-03-29,3177.08,3187.83,3172.6,3175.28,2586
2023-03-30,3069.17,3093.62,3041.01,3071.25,1111
2023-03-31,2872.88,2883.05,2853.97,2873.12,1452
2023-04-03,2836.48,2855.4,2828.27,2836.36,3803
2023-04-04,3223.63,3254.82,3209.9,3228.81,3631
2023-04-05,2914.69,2938.88,2908.13,2911.32,3186
2023-04-06,2579.9,2587.85,2552.64,2577.53,5348
2023-04-07,2890.17,2903.87,2876.26,2881.3,3004
2023-04-10,2843.75,2844.17,2818.24,2836.63,2459
2023-04-11,2693.56,2723.97,2690.64,2697.26,2942
2023-04-12,2923.21,2919.18,2897.48,2918.43,4493
2023-04-13,2783.08,2805.21,2766.72,2788.38,2857
2023-04-14,3206.2,3222.86,3180.18,3201.74,1061
2023-04-17,3367.28,3393.96,3350.05,3370.76,2494
2023-04-18,3242.7,3253.26,3220.35,3249.35,2180
2023-04-19,3827.8,3861.56,3822.65,3825.66,5901
2023-04-20,3635.61,3661.79,3643.07,3655.16,3788
2023-04-21,3853.29,3890.92,3857.24,3866.84,2875
2023-04-24,3954.7,3964.91,3917.02,3956.1,3208
2023-04-25,4366.78,4379.47,4349.06,4366.06,5636
2023-04-26,4910.42,4940.9,4878.05,4914.05,5721
2023-04-27,4911.36,4947.48,4893.19,4926.93,1105
2023-04-28,4647.47,4662.55,4645.22,4655.09,2154
2023-05-01,4824.52,4828.99,4809.23,4820.75,4428
2023-05-02,4586.24,4600.07,4568.03,4580.91,5087
2023-05-03,5334.85,5375.43,5313.09,5335.03,2708
2023-05-04,5403.92,5439.86,5378.81,5391.45,3823
2023-05-05,5249.8,5250.05,5244.6,5245.63,4925
2023-05-08,5312.48,5341.35,5273.65,5320.44,2908
2023-05-09,4803.57,4811.08,4759.86,4806.27,3049
2023-05-10,4454.26,4467.54,4451.54,4466.8,5464
2023-05-11,4891.0,4924.43,4875.5,4892.06,2274
2023-05-12,4666.35,4684.04,4655.66,4655.99,1945
2023-05-15,4308.47,4309.59,4273.31,4302.58,4904
2023-05-16,4494.16,4492.08,4444.61,4481.6,3227
2023-05-17,4899.84,4903.97,4895.62,4902.81,4796
2023-05-18,5191.61,5220.9,5169.4,5177.67,1292
2023-05-19,5581.52,5638.1,5539.56,5583.68,5679
2023-05-22,5289.78,5281.4,5241.75,5274.26,3222
2023-05-23,4737.52,4748.69,4735.6,4737.73,4973
2023-05-24,5315.67,5354.26,5275.12,5308.16,3491
2023-05-25,5196.57,5229.28,5165.27,5181.28,3475
2023-05-26,5083.0,5106.31,5066.22,5084.97,5860
2023-05-29,5625.59,5625.98,5579.85,5623.14,4729
2023-05-30,5880.9,5868.09,5818.21,5865.78,1427
2023-05-31,6071.04,6107.51,6048.34,6072.65,3972
2023-06-01,7134.96,7181.97,7086.11,7153.86,1106
2023-06-02,6844.75,6817.5,6787.84,6815.54,4619
2023-06-05,7305.32,7354.83,7255.75,7312.19,5754
2023-06-06,7347.56,7346.05,7309.68,7345.22,4333
2023-06-07,7514.71,7556.4,7430.08,7497.37,4992
2023-06-08,8407.08,8443.12,8340.92,8417.33,2225
2023-06-09,8730.84,8752.0,8740.83,8748.47,5004
2023-06-12,9118.24,9167.23,9028.26,9113.61,5250
2023-06-13,9849.78,9924.54,9803.62,9885.23,4368
2023-06-14,9612.61,9711.81,9542.04,9618.15,1895
2023-06-15,9033.16,9077.87,9010.59,9028.73,4905
2023-06-16,8340.23,8367.7,8277.55,8344.73,2620
2023-06-19,7171.36,7244.59,7132.41,7193.56,4863
2023-06-20,8431.74,8427.76,8380.63,8404.94,3292
2023-06-21,7735.58,7803.91,7660.33,7733.98,2385
2023-06-22,7628.98,7635.71,7603.42,7607.21,4899
2023-06-23,7447.28,7492.13,7439.99,7451.16,4592
2023-06-26,7614.42,7631.71,7586.84,7627.85,3433
2023-06-27,8118.99,8149.2,8067.9,8114.63,3806
2023-06-28,8657.97,8733.81,8605.83,8661.71,4383
2023-06-29,8270.34,8356.66,8288.46,8289.87,2301
2023-06-30,8211.49,8205.79,8108.79,8187.42,1758
2023-07-03,8355.44,8384.77,8362.13,8365.86,1746
2023-07-04,8181.46,8278.8,8199.93,8211.68,1592
2023-07-05,9299.06,9360.71,9273.12,9274.42,3886
2023-07-06,9617.3,9636.19,9572.44,9627.01,5111
2023-07-07,10166.59,10224.77,10084.06,10178.96,2068
2023-07-10,10666.34,10740.26,10632.85,10704.14,4307
2023-07-11,11740.11,11801.23,11603.12,11699.37,1702
2023-07-12,11832.32,11872.83,11861.34,11862.92,5708
2023-07-13,10758.56,10780.01,10698.99,10757.3,1104
2023-07-14,11109.72,11172.92,11038.51,11089.47,2497
2023-07-17,10567.68,10564.19,10506.09,10558.77,4833
2023-07-18,10145.97,10197.16,10139.85,10147.18,1395
2023-07-19,10573.07,10656.08,10536.56,10609.17,4517
2023-07-20,11633.65,11691.49,11593.89,11652.52,3653
2023-07-21,11677.98,11719.65,11584.27,11673.59,4291
2023-07-24,11932.88,12015.03,11893.7,11951.7,3010
2023-07-25,13601.14,13617.55,13575.3,13595.61,4881
2023-07-26,13866.93,13927.26,13758.28,13848.05,5946
2023-07-27,16893.6,16996.95,16832.08,16861.14,2988
2023-07-28,17557.89,17734.85,17447.5,17601.05,5537
2023-07-31,15478.31,15434.32,15316.12,15410.61,2668
2023-08-01,16341.95,16341.26,16291.25,16316.9,5968
2023-08-02,16797.16,16842.26,16635.57,16797.21,5762
2023-08-03,18561.4,18587.92,18425.04,18521.04,2051
2023-08-04,19584.01,19571.41,19477.59,19491.8,3841
2023-08-07,19237.17,19423.81,19171.75,19292.68,5723
2023-08-08,17582.87,17600.77,17546.26,17590.8,4584
2023-08-09,17236.09,17324.48,17179.28,17318.47,1347
2023-08-10,16249.53,16306.93,16110.43,16243.27,2263
2023-08-11,15560.32,15657.36,15396.74,15548.96,5665
2023-08-14,16258.34,16291.07,16178.01,16259.62,3742
2023-08-15,18426.8,18569.31,18367.01,18450.95,3073
2023-08-16,18935.55,19062.89,18870.23,19013.49,4148
2023-08-17,17386.49,17527.46,17350.5,17373.51,2351
2023-08-18,18023.21,18131.87,17872.62,17970.9,3821
2023-08-21,19652.93,19734.68,19568.71,19676.19,4827
2023-08-22,18810.07,18836.75,18776.71,18793.52,1669
2023-08-23,18549.43,18684.32,18530.01,18607.79,5813
2023-08-24,18649.19,18676.97,18473.17,18632.15,3646
2023-08-25,17548.48,17680.38,17411.94,17562.3,1266
2023-08-28,18419.91,18600.44,18429.74,18448.04,2438
2023-08-29,18255.97,18406.84,18267.18,18283.77,3693
2023-08-30,18861.79,19032.26,18827.07,18876.65,2022
2023-08-31,17668.81,17725.39,17500.86,17655.3,3037
2023-09-01,17039.57,17111.11,17062.38,17084.4,1564
2023-09-04,18032.52,18180.03,17916.92,18046.85,2059
2023-09-05,17547.35,17612.07,17531.06,17548.81,2424
2023-09-06,19956.01,20134.22,19875.34,19999.97,5123
2023-09-07,19478.4,19461.19,19339.55,19408.66,1219
2023-09-08,19711.34,19761.08,19589.27,19745.04,1405
2023-09-11,21163.08,21401.8,21141.93,21191.46,2637
2023-09-12,19003.43,19070.43,18918.98,19040.69,3318
2023-09-13,16730.99,16835.8,16631.73,16671.02,2759
2023-09-14,14874.48,15003.25,14752.01,14858.05,2674
2023-09-15,16318.63,16479.04,16206.42,16349.26,1791
2023-09-18,15719.06,15787.79,15664.48,15684.36,4582
2023-09-19,19041.97,19144.31,18869.38,19034.33,2309
2023-09-20,18252.54,18401.15,18134.86,18243.15,4833
2023-09-21,18490.36,18556.67,18479.59,18503.11,5929
2023-09-22,20763.77,20892.2,20706.04,20794.94,5412
2023-09-25,24221.24,24354.81,24165.95,24204.89,2330
2023-09-26,28261.41,28408.59,28094.11,28292.25,5446
2023-09-27,31117.09,31136.98,30769.15,31004.44,1510
2023-09-28,33421.48,33617.21,33471.09,33506.54,3572
2023-09-29,35156.07,35246.15,34871.0,35048.4,4929
2023-10-02,37171.57,37496.09,36876.97,37179.84,1491
2023-10-03,35690.96,35741.51,35335.7,35669.63,2617
2023-10-04,33592.84,33850.33,33364.73,33536.95,3056
2023-10-05,33492.78,33766.14,33216.38,33535.05,2520
2023-10-06,33170.2,33385.57,32935.58,33112.96,2583
2023-10-09,31830.75,32182.05,31877.89,32004.05,2575
2023-10-10,33692.05,34003.65,33454.44,33740.63,4946
2023-10-11,36207.48,36280.4,36095.69,36274.52,2761
2023-10-12,36433.43,36823.91,36352.63,36525.0,2991
2023-10-13,40831.59,40865.55,40648.86,40849.15,4179
2023-10-16,37507.92,37812.53,37161.64,37479.0,4326
2023-10-17,36993.58,37308.11,36634.33,36941.66,2046
2023-10-18,35016.99,35103.05,34858.9,35000.13,3892
2023-10-19,30359.85,30464.26,30299.0,30400.32,3613
2023-10-20,30239.21,30448.18,30068.26,30216.91,4892
2023-10-23,29953.47,30021.8,29774.51,29946.03,5144
2023-10-24,33645.24,33873.05,33502.33,33582.37,1461
2023-10-25,35284.27,35265.76,34949.82,35229.53,5431
2023-10-26,32613.38,32652.47,32452.74,32611.39,2381
2023-10-27,37458.0,37892.77,37399.98,37525.34,2145
2023-10-30,41108.28,41439.4,41118.06,41162.03,4515
2023-10-31,42974.93,43386.58,42919.48,43022.24,5454
2023-11-01,42273.66,42437.52,41898.78,42300.33,1192
2023-11-02,39369.94,39615.03,39228.79,39348.84,4534
2023-11-03,38319.47,38492.12,38200.12,38264.74,1755
2023-11-06,41551.21,41806.1,41364.02,41555.46,2684
2023-11-07,47929.0,48254.58,47780.28,47927.46,3525
2023-11-08,53883.9,54178.4,53849.52,53868.46,1827
2023-11-09,51870.89,52147.25,51756.68,51924.47,1889
2023-11-10,47631.81,47851.8,47460.48,47720.13,5748
2023-11-13,48071.27,48611.41,47974.49,48240.64,3455
2023-11-14,42153.91,42308.12,42062.09,42212.6,3333
2023-11-15,43306.04,43564.65,43071.58,43265.1,5946
2023-11-16,42733.38,42893.39,42380.36,42793.54,1110
2023-11-17,41300.75,41578.79,41164.48,41320.4,5715
2023-11-20,36669.27,36908.79,36540.49,36635.09,1792
2023-11-21,38132.63,38176.28,38000.22,38092.96,5683
2023-11-22,36517.74,36618.69,36429.23,36596.75,3643
2023-11-23,33572.68,33549.75,33251.38,33505.87,4414
2023-11-24,27032.73,27135.37,26916.36,26971.92,2309
2023-11-27,26860.39,27149.9,26730.27,26921.22,1296
2023-11-28,30735.98,30800.56,30780.19,30786.7,2629
2023-11-29,34996.22,35169.37,34766.79,34913.05,1568
2023-11-30,33724.08,33849.13,33472.26,33733.99,5927
2023-12-01,32096.02,32393.42,32129.94,32239.14,5705
2023-12-04,33315.16,33719.0,33220.34,33408.68,5111
2023-12-05,30970.79,31089.11,30922.73,30986.24,1071
2023-12-06,31633.8,31855.1,31472.29,31707.56,5365
2023-12-07,33576.84,33609.22,33587.06,33604.62,5382
2023-12-08,36880.18,36907.88,36563.39,36877.79,1065
2023-12-11,36713.97,36701.57,36534.36,36606.91,1879
2023-12-12,36033.82,36064.81,35739.51,36054.77,1067
2023-12-13,33818.61,33959.28,33627.25,33746.22,2216
2023-12-14,31798.33,31842.93,31478.58,31707.73,4027
2023-12-15,31265.12,31346.58,31076.17,31175.69,4239
2023-12-18,32078.2,32115.93,31769.51,32059.94,4480
2023-12-19,34224.16,34460.76,34315.57,34359.08,1507
2023-12-20,32371.27,32556.15,32283.72,32341.46,4714
2023-12-21,36287.73,36561.36,36033.27,36211.8,3884
2023-12-22,35478.48,35502.12,35455.16,35484.23,2125
2023-12-25,35557.63,35749.49,35364.55,35433.99,1885
2023-12-26,33552.27,33687.89,33178.55,33494.67,3841
2023-12-27,27923.4,28048.99,27619.34,27891.7,4877
2023-12-28,29890.05,29974.46,29713.03,29825.25,5870
2023-12-29,31560.94,31561.8,31248.71,31539.91,3525
2024-01-01,30728.41,30910.14,30714.13,30882.38,1925
2024-01-02,31014.33,31231.88,30961.58,31045.33,5215
2024-01-03,32363.77,32396.55,32059.68,32286.46,2938
2024-01-04,28648.83,28958.39,28506.1,28695.18,4814
2024-01-05,27563.37,27687.82,27302.94,27575.7,4362
2024-01-08,29226.69,29329.85,29210.26,29287.89,5583
2024-01-09,26738.88,26834.24,26464.75,26643.82,4232
2024-01-10,27338.71,27327.01,27232.91,27247.08,4744
2024-01-11,24552.84,24725.57,24568.37,24596.32,4465
2024-01-12,25491.59,25661.92,25483.08,25484.08,1440
2024-01-15,25385.96,25649.41,25166.49,25420.56,4611
2024-01-16,22531.03,22681.62,22322.81,22503.35,1461
2024-01-17,24604.45,24745.64,24386.03,24579.4,1611
2024-01-18,23294.08,23414.38,23137.78,23256.32,4471
2024-01-19,21893.5,22085.94,21813.32,21878.98,4163
2024-01-22,22348.07,22283.36,22184.02,22217.63,1005
2024-01-23,24187.97,24238.07,24168.8,24237.8,5776
2024-01-24,22373.92,22511.78,22366.32,22450.73,4970
2024-01-25,22542.39,22609.28,22389.5,22560.12,3858
2024-01-26,23234.93,23462.29,23182.24,23308.03,3606
2024-01-29,24493.33,24722.34,24547.62,24566.66,1098
2024-01-30,24851.59,25049.24,24896.97,24901.45,1525
2024-01-31,24180.19,24228.81,24200.08,24224.87,2180
2024-02-01,22716.86,22926.19,22666.88,22760.31,2689
2024-02-02,22937.3,22987.69,22699.73,22913.56,2138
2024-02-05,21112.56,21274.51,20999.25,21133.96,5491
2024-02-06,16943.55,17043.97,16813.72,16949.63,5865
2024-02-07,17553.13,17581.84,17440.07,17521.79,4071
2024-02-08,18735.89,18789.9,18696.78,18764.65,3927
2024-02-09,15689.99,15713.12,15681.28,15698.3,3792
2024-02-12,14558.19,14668.51,14420.12,14547.54,5778
2024-02-13,15188.42,15387.67,15128.22,15247.63,1014
2024-02-14,17732.05,17932.8,17787.08,17817.03,3415
2024-02-15,17860.95,17867.06,17757.17,17848.6,3685
2024-02-16,16912.87,16964.18,16813.9,16896.25,3900
2024-02-19,16736.37,16789.06,16563.37,16667.56,2236
2024-02-20,18502.57,18640.97,18321.71,18496.72,5100
2024-02-21,17647.6,17639.54,17516.57,17618.72,4220
2024-02-22,16582.63,16589.12,16499.5,16589.12,2607
2024-02-23,16007.34,16111.76,15989.78,15997.83,4563
2024-02-26,14938.11,14941.56,14879.1,14888.47,4297
2024-02-27,14966.3,15068.4,15001.99,15030.15,3633
2024-02-28,17011.64,16999.77,16992.06,16997.58,4890
2024-02-29,17495.68,17515.4,17291.77,17421.27,5264
2024-03-01,17105.12,17240.99,16971.82,17095.48,3808
2024-03-04,16781.03,16885.99,16703.06,16725.82,1791
2024-03-05,14845.94,14948.75,14740.37,14864.65,1999
2024-03-06,15892.97,15975.76,15869.39,15893.99,1151
2024-03-07,15804.94,15817.32,15756.28,15803.88,4063
2024-03-08,15523.67,15678.41,15554.01,15592.83,5599
2024-03-11,19807.22,19929.05,19779.69,19853.61,3091
2024-03-12,20266.55,20434.42,20259.38,20311.1,5599
2024-03-13,19224.37,19267.42,19098.97,19192.82,5082
2024-03-14,18620.21,18632.46,18512.06,18587.79,5026
2024-03-15,20290.76,20296.87,20077.56,20277.62,3977
2024-03-18,20489.76,20520.47,20444.61,20456.05,1842
2024-03-19,18346.25,18370.01,18326.18,18352.27,5446
2024-03-20,19724.07,19711.58,19666.38,19676.77,4793
2024-03-21,18711.68,18896.09,18594.25,18711.35,3070
2024-03-22,21564.59,21657.85,21550.34,21562.09,2659
2024-03-25,23388.58,23525.47,23205.27,23401.01,1597
2024-03-26,22658.41,22825.11,22511.6,22627.44,3513
2024-03-27,24912.12,25181.35,24801.73,24933.13,5135
2024-03-28,25115.27,25212.39,24925.55,25066.32,5270
2024-03-29,26680.16,26957.97,26695.03,26740.71,4603
2024-04-01,27683.25,27834.94,27689.38,27744.23,2216
2024-04-02,26065.74,26109.54,25946.96,26029.95,3291
2024-04-03,24794.49,24898.74,24651.7,24798.88,5931
2024-04-04,26787.79,26992.45,26755.8,26812.13,4811
2024-04-05,26193.86,26325.69,26116.89,26147.31,5993
2024-04-08,25335.75,25446.53,25120.48,25366.56,1931
2024-04-09,23594.87,23635.76,23599.13,23604.32,3138
2024-04-10,24445.44,24531.38,24181.55,24377.22,5002
2024-04-11,28583.61,28532.46,28271.33,28495.89,3978
2024-04-12,26374.57,26443.98,26213.74,26291.89,4892
2024-04-15,26330.43,26527.98,26309.56,26345.29,5595
2024-04-16,29391.34,29524.59,29276.48,29319.18,3918
2024-04-17,29093.66,29368.61,28945.69,29148.98,3564
2024-04-18,30114.27,30432.32,29975.06,30168.99,2763
2024-04-19,27715.49,27985.61,27628.43,27846.39,3170
2024-04-22,28864.69,28978.52,28498.74,28768.44,1335
2024-04-23,28320.93,28545.61,28173.65,28369.95,2176
2024-04-24,30563.0,30627.79,30523.09,30570.73,4021
2024-04-25,33387.35,33456.84,33366.82,33448.25,1778
2024-04-26,40745.27,40804.48,40346.02,40688.7,2185
2024-04-29,42487.65,42707.97,42430.6,42519.6,4285
2024-04-30,43474.66,43857.4,43556.8,43588.41,4447
2024-05-01,44281.49,44618.45,43931.26,44242.41,4991
2024-05-02,42961.9,43170.0,42912.02,43085.45,3470
2024-05-03,44136.83,44266.38,43804.12,44210.87,1938
2024-05-06,43060.94,43659.79,42961.96,43243.15,5899
2024-05-07,43681.29,43853.37,43766.43,43806.04,5006
2024-05-08,48420.74,48635.06,47944.66,48403.46,2935
2024-05-09,44689.8,45128.8,44750.08,44866.08,1633
2024-05-10,48768.3,49178.0,48748.26,48913.2,2253
2024-05-13,54044.38,54091.13,53827.23,54044.63,2082
2024-05-14,53516.8,53605.6,53547.61,53575.05,3143
2024-05-15,45826.43,45692.72,45417.94,45644.58,2285
2024-05-16,43763.37,43858.78,43549.67,43603.44,1353
2024-05-17,48021.11,48366.47,47911.73,48104.62,2885
2024-05-20,48084.58,48143.33,47862.61,48031.06,2818
2024-05-21,44612.03,44829.38,44201.01,44545.28,3520
2024-05-22,42834.83,43237.77,42541.63,42886.07,5008
2024-05-23,45572.07,45727.79,45638.66,45708.78,4022
2024-05-24,47645.75,47884.27,47472.27,47646.92,3584
2024-05-27,46787.18,47125.98,46628.61,46803.36,2547
2024-05-28,45492.71,45647.28,45463.45,45532.39,5018
2024-05-29,44251.64,44348.61,43859.52,44212.53,5204
2024-05-30,41180.98,41495.98,40951.22,41242.9,2368
2024-05-31,46501.37,47027.27,46520.02,46608.75,4337
2024-06-03,45505.8,45864.36,45329.03,45495.87,2757
2024-06-04,49928.91,50181.33,49837.61,49890.4,2517
2024-06-05,55850.12,56390.65,55630.18,55981.86,5917
2024-06-06,60494.1,60602.3,60308.73,60382.02,4484
2024-06-07,58248.31,58829.98,57878.97,58455.3,4685
2024-06-10,60209.07,60559.77,59808.18,60278.76,4052
2024-06-11,60149.5,60294.86,59945.7,60180.55,3696
2024-06-12,56146.31,56612.35,55892.59,56217.84,1190
2024-06-13,57559.61,57945.4,57099.58,57624.73,1932
2024-06-14,52918.79,52910.57,52429.37,52721.5,5237
2024-06-17,57587.1,58210.98,57584.61,57685.27,4238
2024-06-18,55977.45,55717.14,55494.52,55705.48,3215
2024-06-19,56619.7,56748.88,56093.27,56570.24,1565
2024-06-20,57816.84,57839.08,57433.81,57806.2,2134
2024-06-21,56751.11,57131.7,56328.16,56697.1,1743
2024-06-24,59579.91,59696.17,58766.11,59279.97,1672
2024-06-25,57087.28,57390.48,56689.59,57200.95,3911
2024-06-26,60970.46,61520.27,60545.33,61107.39,1530
2024-06-27,55123.37,55425.3,55154.36,55206.72,4021
2024-06-28,55751.3,56169.31,55444.38,55747.72,1561
2024-07-01,64337.76,64853.81,64082.51,64560.59,1301
2024-07-02,59873.22,60117.38,59417.37,59870.54,4767
2024-07-03,57084.45,57423.53,56546.58,56891.75,5280
2024-07-04,59175.01,59305.51,59058.43,59157.1,1509
2024-07-05,59942.42,60049.78,59499.26,59977.53,4445
2024-07-08,61524.56,61960.81,61157.13,61600.72,3203
2024-07-09,64048.88,64553.71,63878.92,63933.99,3834
2024-07-10,66978.85,67343.15,66778.49,67089.66,1794
2024-07-11,73244.25,73020.04,72847.81,72974.77,3479
2024-07-12,75576.91,75541.25,75031.73,75285.8,2523
2024-07-15,73977.87,74313.99,73926.53,73939.9,5856
2024-07-16,77809.99,77937.77,77500.28,77811.78,3194
2024-07-17,90032.26,90438.34,89353.0,89847.05,3528
2024-07-18,89163.19,89856.06,88417.15,88968.38,1434
2024-07-19,82533.04,83039.73,82117.81,82666.3,3038
2024-07-22,89805.31,90218.89,89148.16,89899.99,2706
2024-07-23,88867.64,89460.33,88911.31,89103.29,1068
2024-07-24,75684.55,75709.76,75531.57,75622.69,2904
2024-07-25,80749.05,81353.82,79954.84,80641.53,4959
2024-07-26,77249.6,77780.04,77337.41,77458.72,3951
2024-07-29,76875.64,77243.69,76195.66,76945.7,5649
2024-07-30,78704.12,79437.37,78251.86,78916.76,3713
2024-07-31,79933.36,80431.28,79676.22,80077.31,4369
2024-08-01,84598.95,85053.62,83676.47,84505.82,5595
2024-08-02,81665.46,81835.69,81705.8,81785.44,4727
2024-08-05,84985.69,85728.82,84779.14,85036.86,3404
2024-08-06,83129.81,84185.64,82868.96,83401.25,4325
2024-08-07,88242.12,88781.4,87900.4,88209.13,4546
2024-08-08,92419.48,93309.95,91569.59,92427.67,3303
2024-08-09,86009.11,86265.13,86078.16,86134.69,4681
2024-08-12,93487.25,93969.1,93008.78,93522.61,4221
2024-08-13,89859.48,90367.67,89296.33,89827.09,5374
2024-08-14,95348.38,96059.61,94880.64,95504.03,2082
2024-08-15,97922.29,98606.55,97961.17,98212.27,1445
2024-08-16,113282.85,113256.86,112463.74,112875.24,5931
2024-08-19,110865.95,111147.32,110070.0,111006.54,5850
2024-08-20,108114.21,108558.74,107924.33,108135.13,2592
2024-08-21,108216.27,108173.61,107104.94,107997.94,3775
2024-08-22,106317.04,106347.19,104977.9,105571.91,4816
2024-08-23,111895.85,112409.31,111320.07,112175.05,4053
2024-08-26,99382.56,99351.39,98584.67,99293.23,2590
2024-08-27,91579.63,92215.98,91519.1,91709.41,3231
2024-08-28,84523.27,85118.1,84133.15,84614.45,2561
2024-08-29,90803.56,91727.41,90145.48,90934.54,5272
2024-08-30,103274.94,104105.19,103060.69,103507.97,4646
2024-09-02,102705.82,103069.16,101721.48,102714.3,5942
2024-09-03,101132.82,102246.45,100973.25,101431.94,4238
2024-09-04,102183.86,102541.76,101845.1,101990.73,2600
2024-09-05,111388.05,111464.1,110942.07,111375.8,3056
2024-09-06,103943.94,104443.86,102867.79,103856.19,5331
2024-09-09,105666.91,106725.89,105427.37,105765.52,1709
2024-09-10,113795.88,114330.84,112890.93,113879.52,3971
2024-09-11,118367.43,118649.94,117256.87,118299.39,3732
2024-09-12,119751.32,120202.97,119610.43,120030.76,1793
2024-09-13,129399.2,129688.02,129384.1,129491.91,4099
2024-09-16,105398.77,106037.21,104815.3,105580.29,3855
2024-09-17,110955.58,111815.68,110807.3,111153.56,1026
2024-09-18,105365.89,105897.69,104983.96,105812.39,4267
2024-09-19,92402.89,93021.9,91748.1,92156.03,1084
2024-09-20,95674.41,96529.42,95341.04,95805.96,4101
2024-09-23,106557.65,106933.93,105483.29,106310.29,2122
2024-09-24,105457.25,106104.09,104829.94,105232.31,1011
2024-09-25,112823.43,113205.06,112613.12,113114.36,2748
2024-09-26,127522.82,128410.43,127320.25,127801.02,4109
2024-09-27,141908.02,142074.6,140666.38,141185.01,2876
2024-09-30,160410.31,161175.14,159009.8,159850.53,3619
2024-10-01,169097.28,170432.85,167740.19,169107.94,1179
2024-10-02,170196.3,170580.05,169493.34,170108.73,1796
2024-10-03,150547.18,152155.62,149947.12,150737.37,4813
2024-10-04,148116.81,148172.86,146996.24,147988.84,3024
2024-10-07,138678.24,140092.8,138503.25,138877.44,4217
2024-10-08,163012.21,165266.72,163223.27,163677.51,1886
2024-10-09,161120.76,161833.94,160039.84,161547.75,3468
2024-10-10,163098.58,164269.33,161911.67,163091.7,4387
2024-10-11,169683.46,170136.69,169086.56,170068.18,2519
2024-10-14,170640.55,171355.42,169558.09,170663.51,3432
2024-10-15,193615.54,195034.33,193975.73,194032.58,5866
2024-10-16,184858.5,186223.26,184003.8,185148.2,1916
2024-10-17,188249.99,189688.23,186971.81,187929.33,3070
2024-10-18,177795.45,178902.13,176737.65,177707.49,4976
2024-10-21,160859.87,161637.18,160284.8,160862.98,2781
2024-10-22,153893.74,154867.53,153498.52,153623.68,1338
2024-10-23,153371.86,154681.03,152928.33,153224.58,2516
2024-10-24,148790.58,148394.09,146950.82,148361.36,3870
2024-10-25,140693.96,142207.1,140247.94,140823.48,4582
2024-10-28,126537.46,126755.36,126055.24,126646.28,1914
2024-10-29,125550.57,126903.27,125811.78,125878.13,4290
2024-10-30,112270.16,112681.57,112324.36,112366.57,5570
2024-10-31,119264.94,119192.6,118181.56,119035.26,2446
2024-11-01,120114.64,120330.11,119158.5,119803.15,2379
2024-11-04,107531.8,108016.8,106779.7,107325.67,2483
2024-11-05,104490.63,105266.43,104611.98,104866.94,3074
2024-11-06,99305.1,99144.51,98352.47,99090.44,1800
2024-11-07,101157.12,102139.08,101359.64,101530.45,2246
2024-11-08,112581.83,113394.09,112166.52,112379.97,5959
2024-11-11,97475.25,97920.82,97097.59,97547.01,3737
2024-11-12,98556.7,98631.33,98136.66,98418.42,4495
2024-11-13,96994.38,97683.97,97012.88,97253.55,5834
2024-11-14,102576.41,102386.2,101676.39,102336.7,4257
2024-11-15,103715.2,104873.45,103342.84,104019.98,4877
2024-11-18,98160.12,99103.75,97481.1,98291.53,1981
2024-11-19,95776.74,96532.61,95567.44,95968.31,3476
2024-11-20,90064.66,90700.91,90315.71,90381.77,3088
2024-11-21,98078.53,98844.26,97791.64,98059.99,3952
2024-11-22,98592.44,98782.5,97274.85,98237.59,2011
2024-11-25,114048.46,114380.34,112766.96,113443.37,4464
2024-11-26,112968.72,113659.99,112145.15,112946.78,3750
2024-11-27,107317.9,107918.69,107070.88,107078.75,3126
2024-11-28,95564.46,96091.87,95025.13,95520.12,5812
2024-11-29,83448.37,83710.44,83333.9,83365.19,4861
2024-12-02,73920.88,74680.1,73550.43,73971.49,3591
2024-12-03,75524.81,75903.87,74800.21,75495.35,2473
2024-12-04,78555.07,78945.53,77710.79,78470.72,3521
2024-12-05,69563.47,69797.6,69267.58,69644.04,2165
2024-12-06,74522.35,75000.22,74192.38,74533.9,4322
2024-12-09,71867.18,72286.42,71196.34,71875.58,1609
2024-12-10,72812.15,72826.37,72202.35,72692.01,3183
2024-12-11,81954.8,82178.85,82076.61,82129.91,3531
2024-12-12,87899.34,88439.68,87498.99,87908.4,3861
2024-12-13,86488.5,86817.02,85952.04,86159.03,5650
2024-12-16,80749.42,80983.53,80183.38,80561.86,2655
2024-12-17,68666.16,68636.67,68169.47,68481.38,2755
2024-12-18,64873.95,65303.16,64493.14,64870.79,1045
2024-12-19,63897.33,63907.49,63628.52,63856.34,2259
2024-12-20,59395.17,59538.26,59178.98,59276.35,5638
2024-12-23,58885.95,58798.66,58407.07,58702.76,4232
2024-12-24,58825.99,59165.44,58566.22,59056.5,2451
2024-12-25,57919.91,58190.17,57687.08,58072.69,3118
2024-12-26,55444.02,55513.04,55112.08,55299.2,3567
2024-12-27,55988.82,56048.49,55495.76,56019.84,2992
2024-12-30,57856.6,58164.89,57405.95,57934.43,4123
2024-12-31,53227.35,53634.25,53249.49,53361.2,3340
2025-01-01,59312.98,59665.86,59355.48,59378.89,5907
2025-01-02,58784.37,59175.36,58512.71,58949.7,2488
2025-01-03,59292.42,59540.95,58556.81,59045.48,2573
2025-01-06,62302.24,62395.59,61702.01,62305.04,5962
2025-01-07,63418.42,63746.51,62861.38,63425.77,3427
2025-01-08,68257.99,68220.1,67768.37,68177.8,2766
2025-01-09,69821.7,69737.16,69318.19,69687.57,4549
2025-01-10,66673.96,66929.96,66529.54,66548.06,3309
2025-01-13,68552.16,68792.46,68236.55,68405.28,5675
2025-01-14,62672.85,63303.01,62463.6,62752.02,3404
2025-01-15,63243.96,63634.69,62883.93,63281.66,2442
2025-01-16,63232.53,63741.39,62783.6,63135.42,5793
2025-01-17,62096.71,62192.54,61700.63,62162.27,2976
2025-01-20,61572.78,61633.76,61401.15,61573.41,4973
2025-01-21,53462.01,53442.95,53117.62,53419.41,3490
2025-01-22,51339.58,51354.06,51213.9,51259.08,1725
2025-01-23,51446.79,51909.81,51416.77,51630.35,4803
2025-01-24,52343.12,52605.84,51876.31,52268.41,5381
2025-01-27,48348.64,48393.3,48035.84,48371.25,4827
2025-01-28,53313.87,53742.16,52711.13,53238.54,5665
2025-01-29,49951.72,50294.24,49735.63,49874.22,4619
2025-01-30,53849.73,53836.33,53409.7,53677.12,3887
2025-01-31,55599.89,55492.6,55267.07,55449.8,1497
2025-02-03,52958.88,52906.37,52583.93,52816.64,4976
2025-02-04,60588.72,60490.98,59896.56,60414.28,1704
2025-02-05,55244.9,55280.8,54834.96,55212.73,5657
2025-02-06,59200.96,59504.13,58674.77,59197.15,5127
2025-02-07,63972.47,64018.0,63731.03,63860.99,4681
2025-02-10,60805.25,60933.8,60186.08,60716.35,5138
2025-02-11,67427.55,68136.86,67428.93,67469.25,2916
2025-02-12,66272.69,66672.23,65630.66,66219.08,2374
2025-02-13,67688.75,68335.9,67470.74,67693.5,2845
2025-02-14,68934.57,69150.94,68835.27,69052.5,5654
2025-02-17,68544.99,68629.8,68018.43,68368.54,2436
2025-02-18,72712.47,73107.76,72020.52,72704.44,4090
2025-02-19,77530.55,77273.44,77177.28,77214.17,2370
2025-02-20,67447.44,67670.25,67429.08,67667.42,2928
2025-02-21,74611.0,75194.95,74054.37,74694.17,2636
2025-02-24,65890.43,66309.0,65625.18,65886.13,1091
2025-02-25,71410.98,71541.59,71107.01,71248.91,2843
2025-02-26,77660.55,77978.51,77268.92,77598.56,1184
2025-02-27,71514.39,71766.93,71194.46,71470.01,5823
2025-02-28,69142.16,69315.03,68664.02,69298.39,2571
2025-03-03,63606.78,63968.12,63268.54,63754.3,1831
2025-03-04,62779.8,62850.43,62422.43,62739.33,5440
2025-03-05,61140.22,61367.82,60701.53,61307.48,3125
2025-03-06,64973.06,65664.52,64739.62,65042.25,5262
2025-03-07,71900.76,72259.31,71786.96,71828.8,1263
2025-03-10,79680.2,80418.79,79627.66,79837.05,2286
2025-03-11,76776.28,76771.91,76196.83,76530.56,2529
2025-03-12,75529.08,75640.86,75226.43,75344.65,2808
2025-03-13,66146.21,66511.96,65725.99,66354.75,2877
2025-03-14,62329.15,62506.15,61966.73,62445.59,2749
2025-03-17,66876.52,67303.94,67003.41,67183.66,2909
2025-03-18,75806.85,76531.2,75477.11,75925.68,3623
2025-03-19,69281.44,69644.1,68676.34,69175.41,2197
2025-03-20,66104.02,66520.63,65536.05,66158.79,3478
2025-03-21,66100.83,66353.71,65457.73,66039.96,5863
2025-03-24,67261.46,68089.21,67119.29,67466.87,3510
2025-03-25,63575.58,63520.45,62982.58,63474.28,1100
2025-03-26,65482.2,65738.93,65186.47,65554.98,4087
2025-03-27,63262.52,63482.36,62911.34,63260.98,2919
2025-03-28,63192.71,63698.98,63131.93,63204.45,3291
2025-03-31,65714.66,66536.09,65799.1,65882.2,4320
2025-04-01,65775.23,66085.94,65578.17,65927.27,1104
2025-04-02,63924.11,64358.44,63629.09,63800.62,1693
2025-04-03,63337.23,63812.4,63273.41,63286.73,4240
2025-04-04,63009.93,63019.14,62423.37,62877.88,4491
2025-04-07,61195.38,61399.89,61135.81,61155.67,4392
2025-04-08,59999.96,60228.54,59625.74,59982.8,5913
2025-04-09,67467.41,68363.38,67336.08,67701.12,3268
2025-04-10,70609.29,70775.29,69963.05,70647.49,4783
2025-04-11,69096.91,69652.92,68766.1,69100.7,4512
2025-04-14,73137.9,73096.79,72806.98,72853.32,1889
2025-04-15,71149.62,71571.3,70660.02,71052.01,1789
2025-04-16,77894.69,77982.29,77002.96,77656.12,5648
2025-04-17,79967.91,80334.41,79076.25,79872.46,5939
2025-04-18,79130.2,79902.72,78901.92,79242.93,1658
2025-04-21,82006.22,82646.33,81724.41,81987.01,2018
2025-04-22,72855.98,73452.51,72161.33,72821.57,2953
2025-04-23,66763.39,66928.91,66761.11,66889.03,2190
2025-04-24,61081.69,61551.72,60752.48,61128.68,4706
2025-04-25,61779.61,61891.57,61554.3,61805.05,4657
2025-04-28,70693.63,70760.35,70438.39,70467.34,5846
2025-04-29,83083.66,83888.54,83141.11,83430.85,3296
2025-04-30,87782.08,87923.58,87338.63,87570.9,1774
2025-05-01,90797.53,91440.64,90343.84,90967.96,3811
2025-05-02,79186.89,80196.08,78651.4,79404.79,2380
2025-05-05,76408.34,76331.53,76024.12,76228.45,4182
2025-05-06,71940.91,72320.97,71252.83,71835.75,5787
2025-05-07,68727.88,68827.35,68517.92,68555.87,5814
2025-05-08,67811.86,67793.49,67339.11,67703.44,5329
2025-05-09,65612.09,65446.62,65296.8,65342.9,4097
2025-05-12,56336.52,56807.83,55748.02,56273.64,2404
2025-05-13,59539.99,60082.51,59102.2,59558.63,4801
2025-05-14,54968.13,55428.7,54569.04,54930.45,2369
2025-05-15,56083.16,56498.73,55483.11,55944.03,3064
2025-05-16,65351.22,65589.59,65029.42,65453.24,3292
2025-05-19,60991.28,61287.97,60479.16,61070.9,3765
2025-05-20,50417.79,50786.57,50088.78,50448.96,3817
2025-05-21,49171.91,49618.66,48923.17,49379.76,1716
2025-05-22,53690.71,53900.46,53398.31,53675.88,5040
2025-05-23,62017.71,62475.29,62179.67,62252.54,2711
2025-05-26,56744.5,57075.38,56438.8,56738.48,2225
2025-05-27,59022.99,59260.17,58846.27,58921.02,1008
2025-05-28,56841.57,56987.7,56558.73,56895.84,1597
2025-05-29,56642.54,56719.49,56180.8,56453.18,5118
2025-05-30,68756.99,69340.08,68529.09,68958.41,2608
2025-06-02,61711.35,61915.76,61558.48,61564.67,4031
2025-06-03,62854.14,62901.27,62647.09,62769.39,4667
2025-06-04,64817.93,65523.93,64721.58,65041.15,3246
2025-06-05,71001.66,70636.59,69947.56,70618.79,4626
2025-06-06,71148.84,71410.41,70884.95,71157.91,5071
2025-06-09,72720.98,73417.2,72539.67,72848.82,3822
2025-06-10,70538.65,71136.61,70232.16,70737.72,1091
2025-06-11,72174.11,72394.45,71769.9,72205.88,1850
2025-06-12,70352.77,70859.74,70160.34,70370.7,2107
2025-06-13,73785.86,74189.28,73467.65,73770.71,1299
2025-06-16,71709.59,72323.65,71596.12,71752.33,3343
2025-06-17,73935.31,74384.55,73128.46,73841.79,2477
2025-06-18,73636.12,74142.86,73596.98,73693.25,2082
2025-06-19,79946.17,80648.56,79958.34,80256.76,3956
2025-06-20,79937.54,80067.93,79940.77,79961.43,3918
2025-06-23,69614.16,70128.14,69790.22,69945.35,2365
2025-06-24,77015.92,77284.01,76360.81,76961.47,3800
2025-06-25,71741.96,72313.55,71738.14,71882.75,4536
2025-06-26,68452.59,68781.76,68375.44,68430.23,4951
2025-06-27,65602.25,65618.85,65119.86,65430.29,3109
2025-06-30,72470.69,72613.16,72601.23,72608.46,1775
2025-07-01,61927.13,62102.62,61743.59,61795.97,2452
2025-07-02,78285.38,78577.09,77720.49,78353.3,2681
2025-07-03,85179.18,85505.1,84226.72,84881.56,3303
2025-07-04,86280.18,86363.92,85553.08,86343.24,2851
2025-07-07,85858.19,86505.72,85267.85,86002.76,2897
2025-07-08,88017.63,88724.34,87296.33,87896.82,4418
2025-07-09,91366.89,91606.09,91398.74,91446.6,4597
2025-07-10,95874.78,96489.36,95284.58,96036.4,2327
2025-07-11,100079.95,100267.26,99328.69,100175.68,1614
2025-07-14,100867.35,101507.52,100070.27,100876.35,1244
2025-07-15,99669.26,99949.67,98896.99,99402.43,1756
2025-07-16,97911.51,98692.13,98062.8,98291.72,1823
2025-07-17,96877.83,97378.43,96054.46,96873.36,3827
2025-07-18,105694.93,106509.45,104795.38,105563.0,4807
2025-07-21,110471.97,110646.01,109346.2,110429.24,3779
2025-07-22,88669.61,88457.88,88300.23,88437.93,2846
2025-07-23,92937.95,93752.7,92742.01,92951.77,2240
2025-07-24,94314.1,94893.43,94149.09,94348.92,5611
2025-07-25,94345.91,95073.58,93487.43,94234.28,1473
2025-07-28,91543.27,92071.45,91354.03,91525.09,5131
2025-07-29,99584.39,100469.63,99595.77,99662.21,4249
2025-07-30,107194.29,107543.86,106014.45,107083.75,2792
2025-07-31,100894.93,101784.33,101001.7,101026.77,2734
2025-08-01,104077.01,105155.82,103334.03,104204.39,5925
2025-08-04,96741.82,97398.15,96490.25,96844.08,4942
2025-08-05,87506.57,87428.18,86535.92,87270.4,1944
2025-08-06,82712.57,83472.63,82787.14,83248.86,2511
2025-08-07,88944.68,89050.9,88073.04,88874.36,5081
2025-08-08,95539.53,95768.81,94648.16,95532.98,5526
2025-08-11,98996.86,99635.15,99321.75,99330.79,1858
2025-08-12,105013.13,105530.72,104868.97,104948.11,4560
2025-08-13,109249.58,109787.49,108872.47,109145.72,1229
2025-08-14,104122.64,104443.56,103303.91,104000.0,3417
2025-08-15,106902.99,108134.4,106518.34,107472.99,1177
2025-08-18,114511.16,114292.24,113673.83,114199.08,4928
2025-08-19,120745.4,121029.97,120189.84,120923.82,3615
2025-08-20,132502.93,132548.6,132071.81,132321.23,2613
2025-08-21,139833.82,140350.25,138502.93,139626.88,3840
2025-08-22,143163.04,143721.41,142027.22,143414.51,3947
2025-08-25,155734.6,155969.75,155111.41,155529.16,2774
2025-08-26,155128.77,155869.95,154480.26,155248.47,4871
2025-08-27,144663.51,146444.67,145140.21,145265.31,1081
2025-08-28,143849.31,143534.03,142711.69,143514.13,1845
2025-08-29,135472.85,136564.27,135000.98,135683.18,3809
